모델,제품명,카테고리
BA8775,알파바운스 슬라이드,SWIM
FX0761,ZX 8000 골프 리미티드 에디션,GOLF
FU8357,이큅먼트 10 EM,RUNNING
F35543,아딜렛 아쿠아,SWIM
EE6034,슈퍼코트,ORIGINALS
FW5422,울트라부스트 한글,RUNNING
FW7694,이큅먼트 10 U,RUNNING
EG8141,팔콘 W,ORIGINALS
EG0691,울트라부스트 20,RUNNING
AQ3091,슈퍼스타,ORIGINALS
EE5118,팔콘 W,ORIGINALS
FY6958,TYPE O-8,ORIGINALS
EG4958,슈퍼스타,ORIGINALS
B28128,팔콘 W,ORIGINALS
BY2920,바리케이드 클래식 와이드,TENNIS
EG3674,플러드 플로우,RUNNING
EG2692,스트러터,TRAINING
S75187,스탠 스미스 컴포트,ORIGINALS
FW4990,우먼스 코드케이오스 보아,GOLF
FW3276,SL 72 NOAH,ORIGINALS
FV8981,ZX 2K 플럭스,ORIGINALS
EG1231,CC 바운스 썸머레디 U,RUNNING
CQ2333,니짜,ORIGINALS
FX4833,리스폰스 수퍼,RUNNING
FV8258,팔콘 W,ORIGINALS
FW7771,마이크로바운스,RUNNING
M20324,스탠스미스,ORIGINALS
FW2901,미키마우스 슈퍼스타,ORIGINALS
EF9024,팔콘 트레일 W,ORIGINALS
EF1391,이큅먼트 10 U,RUNNING
FU9139,아딜렛 라이트 W,ORIGINALS
EG2685,아디다스 슬릭 W,ORIGINALS
M20325,스탠스미스,ORIGINALS
BC0231,이큅먼트 10 EM,RUNNING
FY3026,제트엑스 알카인,ORIGINALS
EG0770,울트라부스트 20 프라임블루 W,RUNNING
EF0820,솔라 블레이즈 W,RUNNING
EG6214,스트러터,TRAINING
CG6211,팔콘 W,ORIGINALS
F36481,어드밴티지,TENNIS
FX0576,울트라부스트 썸머레디 DB,RUNNING
EG2877,팔콘 W,ORIGINALS
FW7857,SL 72 NOAH,ORIGINALS
EF1182,알파부스트 W,RUNNING
G26880,팔콘 W,ORIGINALS
EG2036,이지 플립플랍,SWIM
FU9149,아딜렛 라이트 W,ORIGINALS
EG9059,W 아디크로스 레트로,GOLF
EG2688,스트러터,TRAINING
FV3087,스탠 스미스 W,ORIGINALS
EH0216,팔콘 2000 W,ORIGINALS
EE8910,코스트 스타,ORIGINALS
CM8537,팔콘 W,ORIGINALS
BC5626,THINTECH EXP 클릿 20개 팩,ACCESSORIES
CG5463,슈퍼스타,ORIGINALS
FX0527,슈퍼스타 뮬,ORIGINALS
EE7012,오즈위고 W,ORIGINALS
FV9033,팔콘 W,ORIGINALS
BB6308,[제니 러닝화] 울트라부스트 W,RUNNING
FW7766,리스판스 CTL7 플러스,RUNNING
EG0420,울트라부스트 PB W,RUNNING
FY3496,울트라부스트 DNA X 스타워즈,RUNNING
EF1390,이큅먼트 10 U,RUNNING
BB7843,우먼스 아디파워 포지드 보아,GOLF
FX3432,팔콘 W,ORIGINALS
EF5651,아딜렛 W,ORIGINALS
EF6854,스탠 스미스 W,ORIGINALS
EF5555,에스엘 패션 W,ORIGINALS
FV3396,슈퍼스타 W,ORIGINALS
EG8348,코로나도,ORIGINALS
FV3397,슈퍼스타 W,ORIGINALS
EG0725,울트라부스트 20 W,RUNNING
EE4241,솔라 블레이즈 W,RUNNING
FV0852,슈퍼코트 RX W,ORIGINALS
EG1232,CC 바운스 썸머레디 U,RUNNING
FV3373,슈퍼스타 W,ORIGINALS
FV3631,슈퍼스타 W,ORIGINALS
EG1910,아딜렛 부스트,SWIM
EH2256,아딜렛 부스트,SWIM
EG2740,매치브레이크 수퍼,ORIGINALS
EF1043,울트라부스트 20,RUNNING
FU6894,팔콘 W,ORIGINALS
EG1820,삼바로즈 W,ORIGINALS
B96491,이큅먼트 10 EM,RUNNING
BD8055,슈퍼스타 슬립온,ORIGINALS
F35539,아딜렛 아쿠아,SWIM
CM8414,슈퍼스타,ORIGINALS
B28129,팔콘,ORIGINALS
B28156,삼바로즈,ORIGINALS
B75807,삼바  OG,ORIGINALS
AP9966,아딜렛 컴포트,SWIM
FW7770,마이크로바운스,RUNNING
FY6140,샨클레이터스 HU,ORIGINALS
FW3222,듀라모 SL,RUNNING
FW9977,이큅먼트 10 U,RUNNING
FV5322,니짜 플렛폼 W,ORIGINALS
FV6895,테렉스 프리 하이커 팔리 W,OUTDOOR
FY2011,제트엑스 2K 부스트 W,ORIGINALS
FX7565,슈퍼스타 W,ORIGINALS
FV7127,TYPE O-5,ORIGINALS
FV5973,매치브레이크 슈퍼,ORIGINALS
FY2783,니짜 플렛폼 미드 W,ORIGINALS
FX2755,슈퍼스타 뮬,ORIGINALS
FW1230,4D 런 1.0,RUNNING
FV3448,슈퍼스타 W,ORIGINALS
EH1806,코로나도 x 유니티,ORIGINALS
FV7261,샨클레이터스 HU,ORIGINALS
EG6838,매그머 러너 W,ORIGINALS
FV4478,에스엘 패션 W,ORIGINALS
EF5426,나이트 조거 W,ORIGINALS
EG0749,울트라부스트 썸머레디,RUNNING
EG2038,이지 플립플랍,SWIM
EG7647,90s 샌들,SWIM
EG0747,울트라부스트 썸머레디 W,RUNNING
EH2091,20-20 FX 트레일,RUNNING
EH0081,테렉스 투 울트라 팔리 W,OUTDOOR
EG1430,알파부스트 W,RUNNING
FV3327,슈퍼스타 W,ORIGINALS
EG9060,W 아디크로스 레트로,GOLF
EF0465,W 크로스니트 DPR,GOLF
FU9269,이큅먼트 SN,RUNNING
F35564,아디사지 TND,SWIM
F35565,아디사지 TND,SWIM
EF2344,테렉스 프리 하이커 팔리 W,OUTDOOR
FX9576,울트라부스트 20 W,RUNNING
EH3096,쿼드큐브,RUNNING
EF6428,라이벌리 로우 W 스트랩,ORIGINALS
EE4011,센스바운스+스트리트 W,RUNNING
EG1369,울트라부스트 20 W,RUNNING
EG2656,스트러터,TRAINING
EH0211,팔콘 2000 W,ORIGINALS
FV7281,울트라부스트 레인보우,RUNNING
EG9232,나이트 조거 W,ORIGINALS
DA8692,나이트 조거 W,ORIGINALS
F35417,아딜렛 샌들,SWIM
DB3258,아디다스 슬릭 w,ORIGINALS
EF1879,니짜 트레포일 w,ORIGINALS
F35550,아딜렛 아쿠아,SWIM
DB2714,팔콘,ORIGINALS
B75806,삼바  OG,ORIGINALS
BC5628,THINTECH EXP 클릿 20개 팩,ACCESSORIES
FU8498,울트라부스트 20 W,RUNNING
FZ0345,제트엑스 6000,ORIGINALS
FY6993,TYPE O-5,ORIGINALS
FX4323,슈퍼스타 젤리 W,ORIGINALS
FU8996,스텔라 트레이노 S,TRAINING
FX8913,리스폰스 SR,RUNNING
FX7805,EQT SN 디즈니,RUNNING
FW8406,X9000L4 W,RUNNING
EE9970,캅티어 X,RUNNING
FY0606,제트엑스 2K 부스트 W,ORIGINALS
FX2539,스탠 스미스 뮬,ORIGINALS
FW0102,슈퍼스타 얼루어 W,ORIGINALS
F35416,아딜렛 샌들,SWIM
G28882,아디제로 프라임 LTD,RUNNING
FW4815,이큅먼트 SN,RUNNING
EG5201,울트라부스트 20 W,RUNNING
FV7122,TYPE O-4,ORIGINALS
FX8105,에스엘 안드리지 W,ORIGINALS
FV1214,매그머 샌달 W,ORIGINALS
FV6993,울트라부스트 20 S.,RUNNING
FV8079,팔콘 W,ORIGINALS
FW8494,스탠 스미스 W,ORIGINALS
FW2442,아디다스 슬릭 로우 W,ORIGINALS
EE4834,ZX 4000 W,ORIGINALS
FX0059,스탠 스미스 W,ORIGINALS
FV0743,아디다스 슬릭 로우 W,ORIGINALS
FW4816,이큅먼트 SN,RUNNING
EF1181,알파부스트 W,RUNNING
EH0040,x9000L2 W,RUNNING
FX3642,리스폰스 SR,RUNNING
FU8986,울트라부스트 X S.,RUNNING
FW4989,우먼스 코드케이오스,GOLF
EG6483,우먼스 투어360 XT-SL,GOLF
FW0090,제트엑스 2K 플로린 W,ORIGINALS
FX7484,슈퍼스타 W,ORIGINALS
F36485,그랜드 코트,TENNIS
G27491,울트라부스트 19 W,RUNNING
FV8347,울트라부스트 20 W,RUNNING
FV5455,니짜 플랫폼 W,ORIGINALS
FW4814,레트로셋 W,ORIGINALS
FX1203,슈퍼스타 W,ORIGINALS
FW3713,슈퍼스타 W,ORIGINALS
FV6022,수퍼노바 W,RUNNING
FV6020,수퍼노바 W,RUNNING
FW5433,코드케이오스 핑크 리미티드 에디션,GOLF
FW2443,스탠 스미스 W,ORIGINALS
FY6142,샨클레이터스 HU,ORIGINALS
FX8056,샨클레이터스 HU,ORIGINALS
G28208,엣지 플렉스 W,RUNNING
FW9974,이큅먼트 10 U,RUNNING
FV6019,수퍼노바 W,RUNNING
FV3452,슈퍼스타 W,ORIGINALS
EH1808,콘티넨탈 벌크 x 유니티,ORIGINALS
FV7289,샨클레이터스 HU,ORIGINALS
FU6613,에스엘20 프라임블루,RUNNING
EG6691,컴포트 샌들,SWIM
EG2130,아딜렛 샌들,SWIM
EF4949,아디다스 슬릭 슈퍼 W,ORIGINALS
EG8729,오즈위고 W,ORIGINALS
EF4988,팔콘 W,ORIGINALS
EG6771,아디다스 슬릭 슈퍼 W,ORIGINALS
EG6690,컴포트 샌들,SWIM
EG7881,아디다스 슬릭 슈퍼 W,ORIGINALS
EF5556,에스엘 패션 W,ORIGINALS
EF6853,스탠 스미스 W,ORIGINALS
EG7747,아디다스 슬릭 W,ORIGINALS
EG7748,아디다스 슬릭 W,ORIGINALS
FW1229,4D 런 1.0,RUNNING
FV4491,팔콘 올럭스 W,ORIGINALS
FU7212,에스엘 패션 W,ORIGINALS
EG6514,컴포트 샌들,SWIM
EG6264,4D 런 1.0,RUNNING
FW1231,4D 런 1.0,RUNNING
FU6616,에스엘20W 썸머레디,RUNNING
EF2462,아디제로 우바소닉3 여성,TENNIS
EG2065,컴포트 플립플랍,SWIM
EG2064,컴포트 플립플랍,SWIM
EG2057,컴포트 플립플랍,SWIM
FV3421,슈퍼스타 프린지 W,ORIGINALS
FV3392,슈퍼스타 W,ORIGINALS
EG0773,울트라부스트 썸머레디,RUNNING
EH1217,에너지팔콘 X,RUNNING
EG1177,아디제로 RC 2 W,RUNNING
EH1209,울트라부스트 썸머레디 W,RUNNING
EG3670,플러드 플로우,RUNNING
EF4887,바운스 워크샵 W,ORIGINALS
EG6213,매그머 샌달 W,ORIGINALS
EF5514,삼바로즈 W,ORIGINALS
FV0820,테렉스 아딜렛 볼드 슬라이드,OUTDOOR
EF0016,사이프릭스 울트라 샌들 디럭스,UNISEX'S OUTDOOR
FV3080,팔콘 W,ORIGINALS
EF5533,아딜렛 W,ORIGINALS
EG0753,울트라부스트 썸머레디,RUNNING
EG0748,울트라부스트 썸머레디,RUNNING
EF4886,바운스 워크샵 W,ORIGINALS
FV0846,테렉스 숨라 여성,OUTDOOR
EH2865,노바 플로우,RUNNING
EG2043,울트라부스트 DNA레더,RUNNING
EH1379,노바 플로우,RUNNING
EH1208,울트라부스트 썸머레디 W,RUNNING
EH1210,울트라부스트 DNA레더,RUNNING
EH1019,슈퍼코트 W,ORIGINALS
EG7942,나이트 조거 W,ORIGINALS
EG7526,콘티넨탈 80 W,ORIGINALS
FV4479,에스엘 패션 W,ORIGINALS
FV0845,테렉스 숨라 여성,OUTDOOR
EG0751,울트라부스트 썸머레디,RUNNING
EG0752,울트라부스트 썸머레디 W,RUNNING
FV0853,슈퍼코트 RX W,ORIGINALS
FU7134,에스엘 패션 W,ORIGINALS
EF5547,에스엘 패션 W,ORIGINALS
EG6846,에스엘 패션 W,ORIGINALS
EG6845,에스엘 패션 W,ORIGINALS
EF5549,에스엘 패션 W,ORIGINALS
EE3932,CC 바운스 썸머레디 W,RUNNING
EF5863,매그머 샌달 W,ORIGINALS
EF5848,매그머 샌달 W,ORIGINALS
EG1119,CC 벤트 썸머레디 EM W,RUNNING
EG1130,CC 벤트 썸머레디 EM U,RUNNING
EH2775,CC 벤트 썸머레디 CK U,RUNNING
EE3931,CC 바운스 썸머레디 W,RUNNING
EG0566,키엘로 W,ORIGINALS
EG1126,CC 벤트 썸머레디 EM U,RUNNING
EH2773,CC 벤트 썸머레디 CK U,RUNNING
EF5864,매그머 샌달 W,ORIGINALS
FV3187,슈퍼스타 슬립 온 W,ORIGINALS
FV3186,슈퍼스타 슬립 온 W,ORIGINALS
FV3374,슈퍼스타 W,ORIGINALS
EF4290,오즈위고 W,ORIGINALS
EH1197,오즈위고 W,ORIGINALS
FU7009,코드케이오스 프라임블루 스페셜에디션,GOLF
FW1233,4D 런 1.0,RUNNING
FU9150,아딜렛 라이트 W,ORIGINALS
EF4983,팔콘 W,ORIGINALS
EH1391,아디다스 슬릭 슈퍼 W,ORIGINALS
EH1390,아디다스 슬릭 슈퍼 W,ORIGINALS
EH3488,알파엣지 4D,RUNNING
FU7139,에스엘 패션 W,ORIGINALS
EF2192,테렉스 투 울트라 팔리 W,OUTDOOR
EG2901,90s 발라션,RUNNING
EH3522,팔콘 W,ORIGINALS
EG0719,울트라부스트 20 W,RUNNING
EH2986,20-20 FX 트레일,RUNNING
EG1909,아딜렛 부스트,SWIM
FV3334,슈퍼스타 업 W,ORIGINALS
FV3335,슈퍼스타 업 W,ORIGINALS
FV3336,슈퍼스타 업 W,ORIGINALS
FV3290,슈퍼스타 W,ORIGINALS
FV3344,슈퍼스타 W,ORIGINALS
EE9343,우먼스 코드케이오스 보아,GOLF
EF0464,W 크로스니트 DPR,GOLF
EG9061,W 아디크로스 레트로,GOLF
EG0419,울트라부스트 PB W,RUNNING
EG1901,아딜렛 TND,SWIM
EG2140,아디사지 TND,SWIM
EF0330,센스바운스+스트리트 W,RUNNING
FV3340,슈퍼스타 업 MT W,ORIGINALS
EG0943,센스부스트 고 W,RUNNING
EG1902,아딜렛 TND,SWIM
EG1900,아딜렛 TND,SWIM
EH3257,포커스 브레스 W,RUNNING
EG0944,센스부스트 고 W,RUNNING
FU9268,이큅먼트 SN,RUNNING
EG9053,슈퍼코트 W,ORIGINALS
EG4406,쿼드큐브,RUNNING
EG2238,W 아디파워 포지드 보아,GOLF
EE4394,울트라부스트 20 W,RUNNING
EG0714,울트라부스트 20 W,RUNNING
EG0713,울트라부스트 20 W,RUNNING
EF4398,마라톤 테크,ORIGINALS
EF4393,마라톤 테크,ORIGINALS
EF4397,마라톤 테크,ORIGINALS
EF6429,라이벌리 로우 W 스트랩,ORIGINALS
EG0715,울트라부스트 20 W,RUNNING
EG2360,솔라부스트 19 W,RUNNING
FV7417,삼바로즈 W,ORIGINALS
FV7403,삼바로즈 W,ORIGINALS
FV4049,팔콘 W,ORIGINALS
FV4350,매그머 러너 W,ORIGINALS
EH1420,울트라부스트,RUNNING
FV4325,삼바로즈 W,ORIGINALS
FV4317,팔콘 W,ORIGINALS
FV4318,팔콘 W,ORIGINALS
FU9199,슈퍼코트,ORIGINALS
FU9204,라이벌리 로우,ORIGINALS
EH0319,팔콘 W,ORIGINALS
EG7976,콘티넨탈 벌크 W,ORIGINALS
EG8933,팔콘 2000 W,ORIGINALS
EG7831,퍼렐 윌리암스 아딜렛 2.0,ORIGINALS
EF2377,PW 솔라 HU PRD,RUNNING
EF2378,PW 솔라 HU PRD,RUNNING
EG7788,PW 솔라 HU PRD,RUNNING
EG7770,PW 솔라 HU PRD,RUNNING
EH0140,팔콘 2000 W,ORIGINALS
EG7977,콘티넨탈 벌크 W,ORIGINALS
FV8100,울트라부스트 1988 서울,RUNNING
FV7282,울트라부스트 레인보우,RUNNING
FV7280,울트라부스트 레인보우,RUNNING
EH0192,팔콘 W 스네이크,ORIGINALS
EG2675,팔콘 W,ORIGINALS
EG2864,팔콘 W,ORIGINALS
G28913,피오루치 삼바로즈,ORIGINALS
G28914,피오루치 팔콘 W,ORIGINALS
EG1819,삼바로즈 W,ORIGINALS
EG1821,삼바로즈 W,ORIGINALS
CG6098,나이트 조거 W,ORIGINALS
CG6248,팔콘 W,ORIGINALS
B44832,퀘스타 라이드,RUNNING
BB7776,스탠스미스 뉴 볼드,ORIGINALS
B43725,솔릭스,RUNNING
B37713,튜블라 쉐도우 CK,ORIGINALS
B22705,쓰리엠씨,ORIGINALS
B22706,쓰리엠씨,ORIGINALS
AP9998,런 럭스 클라이마,RUNNING
AQ1134,쌈바로즈 W,ORIGINALS
B37655,엔엠디_러너원 스텔스 PK,ORIGINALS
DB0694,클라우드폼 퓨어,RUNNING
CQ2332,니짜,ORIGINALS
CQ2395,이큐티 서포트 93/17,ORIGINALS
BB6149,울트라부스트 W,RUNNING
CQ2406,엑스플로러,ORIGINALS
BB5476,가젤,ORIGINALS
G16220,아딜렛,ORIGINALS
288022,아딜렛,ORIGINALS
S80042,스탠스미스 컴포트,ORIGINALS
C75611,아디 이즈,ORIGINALS
FU8963,알파 엣지 4D,RUNNING
FY1263,NMD_R1 W,ORIGINALS
FY6141,샨클레이터스 HU,ORIGINALS
EF5444,스위프트 런 W,ORIGINALS
FV9255,유패스 X W,ORIGINALS
FW0088,제트엑스 2K 플로린 W,ORIGINALS
FW0089,제트엑스 2K 플로린 W,ORIGINALS
FV6527,스텔라 레트,TRAINING
G28879,아디제로 보스톤 8 W,RUNNING
EF1473,이큅먼트 10 U,RUNNING
EG5077,알파토션 W,RUNNING
EH0050,x9000L3 W,RUNNING
EE9941,에너지팔콘 X,RUNNING
EG1121,CC 벤트 썸머레디 LTD,RUNNING
FW0705,수퍼노바 W,RUNNING
FV6960,4D 런 1.0,RUNNING
FV8340,울트라부스트 20 W,RUNNING
EG9596,알파토션 W,RUNNING
D97805,우먼스 아디스타 투어 보아,GOLF
EG9722,우먼스 아디파워 파워랩 보아,GOLF
FW3554,슈퍼스타 W,ORIGINALS
EE5115,팔콘 W,ORIGINALS
FV7638,TYPE O-4,ORIGINALS
EF9113,키엘로 W,ORIGINALS
FV5321,니짜 플렛폼 W,ORIGINALS
FW6138,소코 W,ORIGINALS
FX8460,트레포일 뮬,ORIGINALS
FV8080,스탠 스미스 W,ORIGINALS
FX7483,슈퍼스타 W,ORIGINALS
FW9940,니짜 하이 젤리,ORIGINALS
FV0742,아디다스 슬릭 로우 W,ORIGINALS
FX2756,슈퍼스타 뮬,ORIGINALS
FX1828,아디제로 우버소닉3 W 도쿄,TENNIS
EH0049,x9000L3 W,RUNNING
FV4735,갤럭사 런 W,RUNNING
FU8965,아디제로 보스턴 S.,RUNNING
FW9979,이큅먼트 SN,RUNNING
FW6838,4D 런 1.0,RUNNING
FW9771,울트라부스트 S.레디,RUNNING
EG5917,울트라부스트 PB W,RUNNING
FV4733,갤럭사 런 W,RUNNING
FW9773,울트라부스트 S.레디 W,RUNNING
FV7026,울트라부스트 X 3D 니트 S.,RUNNING
FY2990,델팔라,ORIGINALS
BB7841,우먼스 아디파워 포지드 보아,GOLF
EE7044,우먼스 아디파워 포지드 보아,GOLF
FW6227,스탠 스미스 W,ORIGINALS
EF9096,키엘로 엑스트라 W,ORIGINALS
FV9745,오즈위고 W,ORIGINALS
FY2782,니짜 플렛폼 미드 W,ORIGINALS
EG6708,팔콘 W,ORIGINALS
FV9733,에스엘 7600 W,ORIGINALS
FW2502,슈퍼스타 W,ORIGINALS
FV9196,소코 W,ORIGINALS
FX8103,삼바로즈 W,ORIGINALS
FV0767,삼바로즈 W,ORIGINALS
H04407,샨클레이터스 HU,ORIGINALS
FW9913,에스엘 안드리지,ORIGINALS
FY2946,스타이콘 W,TENNIS
EG5421,수퍼노바 W,RUNNING
EG6247,4D 런 1.0,RUNNING
FV7461,아웃도어 부스트 레인 레디 S.,RUNNING
FX4835,리스폰스 수퍼,RUNNING
EG1122,CC 벤트 썸머레디 LTD,RUNNING
FW9975,이큅먼트 10 U,RUNNING
FW8822,수퍼노바 W,RUNNING
FW0704,수퍼노바 W,RUNNING
EG9603,알파토션 W,RUNNING
EG6482,우먼스 투어360 XT-SL,GOLF
EG9721,우먼스 아디파워 파워랩 보아,GOLF
EH0138,팔콘 2000 W,ORIGINALS
EF5850,매그머 샌달 W,ORIGINALS
FV0740,아디다스 슬릭 로우 W,ORIGINALS
FW9942,니짜 하이 젤리,ORIGINALS
FY0605,제트엑스 2K 부스트 W,ORIGINALS
FY2012,제트엑스 2K 부스트 W,ORIGINALS
FW3555,슈퍼스타 W,ORIGINALS
FV9730,에스엘 72 W,ORIGINALS
FX8538,니짜 플랫폼 W,ORIGINALS
FY6948,TYPE O-8,ORIGINALS
FW3254,코트포인트 CL X,TENNIS
G27384,센스바운스+W,RUNNING
EF1163,알파부스트 팔리 w,RUNNING
EF0781,솔라 드라이브 19 W,RUNNING
FV6352,엣지 럭스 4,RUNNING
FY3499,울트라부스트 DNA X 스타워즈,RUNNING
FW8407,X9000L4 W,RUNNING
FW0702,수퍼노바 W,RUNNING
FV7339,SL20 W,RUNNING
FV6516,알파 엣지 4D,RUNNING
EG9720,우먼스 아디파워 파워랩 보아,GOLF
FV0741,아디다스 슬릭 로우 W,ORIGINALS
EE4558,키엘로 엑스트라 W,ORIGINALS
FV7642,TYPE O-5,ORIGINALS
FX0531,스탠 스미스 뮬,ORIGINALS
FW2534,컨티넨탈 80 W,ORIGINALS
FV9716,슈퍼코트 W,ORIGINALS
FX2987,슈퍼스타 젤리 W,ORIGINALS
FY3028,제트엑스 2K 부스트 W,ORIGINALS
FV6524,스텔라 트레이노 S,TRAINING
FW7384,코트포인트 CL X,TENNIS
G26993,펄스부스트 HD LTD W,RUNNING
EE9907,90s 발라션,RUNNING
EF1183,알파부스트 W,RUNNING
EG4654,아디제로 RC 2 w,RUNNING
FW3250,라이트 레이서 RBN 2.0,RUNNING
FW8726,울트라부스트 20 W,RUNNING
FV7167,포커스 브레스 W,RUNNING
FV6018,수퍼노바 W,RUNNING
FV6354,엣지 럭스 4,RUNNING
FV5656,아웃도어 부스트 레인 레디 S.,RUNNING
BB7850,우먼스 포지파이버 보아,GOLF
EG6732,이큐티 가젤,ORIGINALS
FU6819,코트밴티지 힐 로고,ORIGINALS
FV8983,ZX 2K 부스트,ORIGINALS
FX0532,스탠 스미스 뮬,ORIGINALS
FW4520,슈퍼스타 볼드 W,ORIGINALS
FV5975,매치브레이크 슈퍼,ORIGINALS
FY0118,슈퍼스타 볼드 W,ORIGINALS
FX2988,슈퍼스타 젤리 W,ORIGINALS
FX3444,APAC 할로 W,TENNIS
G28571,알파바운스+W,RUNNING
FW7767,리스판스 CTL7 플러스,RUNNING
G27492,울트라부스트 19 W,RUNNING
EE9906,90s 발라션,RUNNING
EF0778,솔라 드라이브 W,RUNNING
FV6021,수퍼노바 W,RUNNING
FX7813,울트라부스트 20 시티 팩,RUNNING
EE4639,CC 벤트 썸머레디 LTD,RUNNING
FV8358,울트라부스트 20 W,RUNNING
EG9994,x9000L1 W,RUNNING
EH0047,x9000L3 W,RUNNING
EG4656,아디제로 보스톤 9 w,RUNNING
FW9976,이큅먼트 10 U,RUNNING
FW9973,이큅먼트 10 프라임니트,RUNNING
FW6360,울트라부스트 20 S.,RUNNING
FW9971,이큅먼트 10 프라임니트,RUNNING
EG6484,우먼스 투어360 XT-SL,GOLF
EE5081,아딜렛 ZIP W,ORIGINALS
FX8543,슈퍼스타 W,ORIGINALS
FX0528,슈퍼스타 뮬,ORIGINALS
FY5704,TYPE O-5,ORIGINALS
FV9256,유패스 X W,ORIGINALS
FV7784,에스엘 안드리지 W,ORIGINALS
FV9499,제트엑스 2K 플로린 W,ORIGINALS
FU8997,트레이노 S,TRAINING
EF2013,CC 벤트 썸머레디 LTD,RUNNING
FW9564,플루이드 스트릿,RUNNING
FW6839,4D 런 1.0,RUNNING
FW8232,울트라부스트 쇼미더머니,RUNNING
FW8233,울트라부스트 쇼미더머니,RUNNING
FU8983,울트라부스트 20 S.,RUNNING
FV6956,4D 런 1.0,RUNNING
FW9969,이큅먼트 10 EM,RUNNING
FW5827,텐큐브,RUNNING
EG4669,아디제로 아디오스 5 w,RUNNING
FV6525,울트라부스트 T. S.,RUNNING
FV6526,울트라부스트 T. S.,RUNNING
FW9970,이큅먼트 10 EM,RUNNING
FV8336,울트라부스트 20 W,RUNNING
FW1691,애즈위런2.0,RUNNING
FY6490,리스폰스 슈퍼,RUNNING
EG4658,아디제로 아디오스 5 w,RUNNING
EG5016,x9000L2 W,RUNNING
EG4794,x9000L1 W,RUNNING
FV8794,듀라모 SL,RUNNING
G28885,아디제로 RC,RUNNING
FW3012,CC 벤트 썸머레디 CK U,RUNNING
FU8987,스텔라 을람피스 부트,OUTDOOR
FW4384,트레포일 뮬,ORIGINALS
FV5976,매치브레이크 슈퍼,ORIGINALS
FY0129,슈퍼스타 볼드 W,ORIGINALS
FV0766,삼바로즈 W,ORIGINALS
FX4322,슈퍼스타 젤리 W,ORIGINALS
FW3553,슈퍼스타 W,ORIGINALS
FV7639,TYPE O-4,ORIGINALS
FW9912,에스엘 안드리지 W,ORIGINALS
FX7456,슈퍼스타 볼드 W,ORIGINALS
FV8257,팔콘 W,ORIGINALS
EE4835,ZX 4000 W,ORIGINALS
FV1328,나이트 조거 W,ORIGINALS
EF9112,키엘로 W,ORIGINALS
FU9386,우먼스 아디파워 파워랩 보아,GOLF
