39723,드리프터 문 랜딩,슬리퍼/샌들
39725,드리프터 문 랜딩,슬리퍼/샌들
38957,드리프터 테이피테잎,슬리퍼/샌들
38982,드리프터 테이피테잎,슬리퍼/샌들
36333,슬릭텐더 벨크로,슬리퍼/샌들
38983,드리프터 테이피테잎,슬리퍼/샌들
36495,휠라 테이퍼,슬리퍼/샌들
38764,슬릭텐더 벨크로,슬리퍼/샌들
36497,휠라 테이퍼,슬리퍼/샌들
38466,슬릭텐더 클래식,슬리퍼/샌들
36482,슬릭텐더 벨크로,슬리퍼/샌들
38911,드리프터 VC,슬리퍼/샌들
38613,드리프터 샌들,슬리퍼/샌들
36763,슬릭텐더 벨크로,슬리퍼/샌들
36496,휠라 테이퍼,슬리퍼/샌들
33047,슬릭텐더,슬리퍼/샌들
38245,드리프터 잭덥 샌들,슬리퍼/샌들
36237,슬릭텐더 라인,슬리퍼/샌들
33046,슬릭텐더,슬리퍼/샌들
38787,토마이아 테이피테잎 샌들,슬리퍼/샌들
38227,휠라 젠,슬리퍼/샌들
38149,슬릭텐더 클래식,슬리퍼/샌들
38786,토마이아 테이피테잎 샌들,슬리퍼/샌들
38231,휠라 젠 슬라이드,슬리퍼/샌들
38226,휠라 젠 슬라이드,슬리퍼/샌들
36402,슬릭텐더 라인,슬리퍼/샌들
38760,휠라 트레이서 샌들,슬리퍼/샌들
38469,드리프터 샌들,슬리퍼/샌들
38235,휠라 젠,슬리퍼/샌들
38204,슬릭텐더 클래식,슬리퍼/샌들
38913,슬릭 THONG,슬리퍼/샌들
38912,슬릭 THONG,슬리퍼/샌들
38784,휠라 젠 빠던,슬리퍼/샌들
38783,휠라 젠 빠던,슬리퍼/샌들
38737,슬릭 THONG,슬리퍼/샌들
38728,휠라 트레이서 샌들,슬리퍼/샌들
37620,<보이저컬렉션> 슬릭텐더 샤인,슬리퍼/샌들
36870,슬릭텐더 라인,슬리퍼/샌들
36676,드리프터 V-DAY,슬리퍼/샌들
36669,드리프터 잭덥 샌들,슬리퍼/샌들
31874,드리프터 테이피테잎,슬리퍼/샌들
39084,드리프터 크레마 패치,슬리퍼/샌들
39078,드리프터 크레마 패치,슬리퍼/샌들
39074,드리프터 크레마 패치,슬리퍼/샌들
38635,레이 트레이서 밴드 애니멀,슬리퍼/샌들
38624,레이 트레이서 밴드 애니멀,슬리퍼/샌들
36675,드리프터 V-DAY 샤이니,슬리퍼/샌들
36673,드리프터 V-DAY,슬리퍼/샌들
36672,드리프터 V-DAY 샤이니,슬리퍼/샌들
36670,드리프터 V-DAY,슬리퍼/샌들
38700,<FILA X SUBWAY> 드리프터,슬리퍼/샌들
