36531,자가토,운동화
35875,레이 트레이서,운동화
39021,휠라레이,운동화
35876,레이 트레이서,운동화
36483,휠라레이 스크립트,운동화
36666,필드스톤,운동화
36489,휠라레인져,운동화
36500,휠라이머지 2 라이트,운동화
36417,제트 버퍼 2,운동화
39082,인터레이션 라이트,운동화
39080,인터레이션 라이트,운동화
36260,오크먼트 TR,운동화
36660,스키퍼,운동화
36498,휠라스플라인 스크립트,운동화
36063,엔캡슐레이션,운동화
36501,휠라이머지 2 라이트,운동화
36756,오크먼트 TR,운동화
36287,트레일 데몬 1997,운동화
32948,휠라레이,운동화
39111,플루이드,운동화
36397,휠라레이 프리즘,운동화
36288,트레일 데몬 1997,운동화
36152,레이 트레이서,운동화
33686,피스와이즈,운동화
39086,인터레이션 라이트,운동화
36486,레이런,운동화
36085,레이런,운동화
36000,인터레이션,운동화
35799,레이트레이서,운동화
36951,디사이퍼,운동화
36319,포휠 1998,운동화
33445,휠라레이 테이피 테잎,운동화
36874,레이 트레이서,운동화
36761,오크먼트 TR,운동화
36539,자가토,운동화
36537,자가토,운동화
36346,제트 버퍼 2,운동화
39091,휠라 레이드 로우 2000,운동화
36663,스키퍼,운동화
36661,레이 트레이서,운동화
36396,휠라레이 샤이니 핑크,운동화
39093,휠라 레이드 로우 2000,운동화
39092,휠라 발란타,운동화
39076,인터레이션 라이트,운동화
38788,레이 트레이서 리니어,운동화
38761,웨이블렛 OG,운동화
37974,오크먼트 TR 럭스,운동화
36665,스키퍼,운동화
36538,자가토,운동화
36499,휠라이머지 2 라이트,운동화
36153,휠라레인져,운동화
36048,엔캡슐레이션,운동화
32131,레이런,운동화
39090,휠라 발란타,운동화
39053,재거 1998,운동화
38939,오크먼트 TR 스크립트,운동화
37207,시멘틱스,운동화
36952,디사이퍼,운동화
36950,휠라자마,운동화
36873,레이 트레이서,운동화
36667,레이 트레이서 TR,운동화
36662,스키퍼,운동화
36494,웨이블렛,운동화
36490,레이런,운동화
36337,제트 버퍼 2,운동화
36332,크리에이터 바이 트리게이트,운동화
36114,휠라캐터펄트,운동화
36113,휠라캐터펄트,운동화
35714,플로터,운동화
39094,플루이드,운동화
39089,휠라 레이드 로우 2000,운동화
39088,휠라 발란타,운동화
39083,자가토 TR,운동화
39077,자가토 TR,운동화
39072,재거 1998,운동화
38940,스키퍼,운동화
37208,시멘틱스,운동화
36758,휠라레인져 스크립트,운동화
36755,오크먼트 TR,운동화
36318,포휠 1998,운동화
36289,트레일 데몬 1997,운동화
36115,휠라캐터펄트,운동화
36030,스키퍼,운동화
36002,레이 트레이서 TR 2,운동화
36001,인터레이션,운동화
35934,휠라레이,운동화
35922,레이런,운동화
35915,인터레이션,운동화
35604,락 바텀,운동화
33432,휠라스플라인,운동화
33041,레이 트레이서,운동화
32380,레이런,운동화
39606,레이 트레이서,운동화
39467,인터레이션,운동화
39095,휠라토러스,운동화
39087,자가토 TR,운동화
38916,유로조거 MC 1999,운동화
38915,유로조거 MC 1999,운동화
38870,휠라자마,운동화
38869,휠라자마,운동화
38636,휠라하이브,운동화
38630,레이 트레이서 애니멀,운동화
38081,스카이러너 20,운동화
37712,<보이저컬렉션> 레이트레이서 샤인,운동화
37711,<보이저컬렉션> 오크먼트 TR 샤인,운동화
37619,<보이저컬렉션> 휠라 자마 샤인,운동화
37618,휠라하이브,운동화
37437,휠라자마 럭스,운동화
36762,이소클라인,운동화
36754,이소클라인,운동화
36488,크리에이터 바이 트리게이트,운동화
36484,크리에이터 바이 트리게이트,운동화
36317,웨이블렛,운동화
36154,레이 트레이서 TR 2,운동화
35916,인터레이션,운동화
33433,휠라스플라인,운동화
32041,레이 트레이서,운동화
39079,알파 레이 리니어,운동화
39062,알파 레이 리니어,운동화
35972,휠라레이,운동화
38684,<FILA X SUBWAY> 자가토,운동화
37622,<보이저컬렉션> 웨이블렛 OG 샤인,운동화
37621,<보이저컬렉션> 자가토 샤인,운동화
