36487,펑키테니스 1998,운동화
38234,펑키테니스 1998,운동화
36491,펑키테니스 1998,운동화
32206,휠라 꼬모,운동화
36668,휠라 꼬모,운동화
36764,휠라 꼬모 뮬,운동화
31914,클래식 킥스 B,운동화
39061,휠라 헬릭스,운동화
37299,클래식보더 OG,운동화
37101,코트 에이스,운동화
36760,휠라 꼬모 뮬,운동화
39071,휠라 헬릭스,운동화
38903,클래식킥스 B 뮬 레이스,운동화
31912,클래식 킥스 B,운동화
38905,엘리트 코트,운동화
38904,클래식킥스 B 뮬 레이스,운동화
37328,클래식보더 OG,운동화
36238,휠라꼬모 뮬,운동화
38902,엘리트 코트,운동화
32052,코트디럭스,운동화
36759,휠라 버스티드 쉘,운동화
33144,코트디럭스 VC,운동화
36681,휠라 페스티보`91,운동화
36680,휠라 페스티보`91,운동화
36664,코트디럭스,운동화
36510,휠라 페스티보`91,운동화
38863,클래식보더 OG 뮬,운동화
36505,휠라 페스티보`91,운동화
36308,클래식킥스 뮬,운동화
35918,클래식킥스 T LX,운동화
39474,클래식보더 뮬,운동화
38530,휠라범퍼 슬립온,운동화
37083,코트 에이스,운동화
32032,클래식 킥스 B,운동화
38853,클래식보더 OG 뮬,운동화
38847,클래식보더 OG 뮬,운동화
38726,휠라범퍼 뮬,운동화
37314,클래식보더 OG,운동화
37206,더블마커 LX,운동화
37093,코트 에이스,운동화
35921,클래식킥스 T LX,운동화
35508,클래식 킥스B 뮬,운동화
32959,클래식 킥스 G,운동화
32205,휠라 꼬모,운동화
38755,가드슬립온 캔버스,운동화
38754,가드슬립온 캔버스,운동화
38729,휠라범퍼 뮬,운동화
37963,더블마커 캔버스,운동화
37203,더블마커 LX,운동화
36872,휠라 버스티드 쉘,운동화
36677,휠라 페스티보`91,운동화
36309,클래식킥스 뮬,운동화
35920,클래식킥스 T LX,운동화
39470,클래식보더 뮬,운동화
38910,FX-100 범퍼 스크립트,운동화
38908,FX-100 범퍼,운동화
38727,휠라범퍼 뮬,운동화
38725,휠라범퍼 뮬,운동화
38526,휠라범퍼 슬립온,운동화
37987,휠라꼬모,운동화
37623,더블마커 캔버스,운동화
37205,로우 그래비티 2000,운동화
37204,더블마커 LX,운동화
37202,더블마커 LX,운동화
37201,로우 그래비티 2000,운동화
36679,휠라 페스티보`91,운동화
34353,디스럽터 2 뮬 테이피테잎,운동화
34352,디스럽터 2 뮬 테이피테잎,운동화
32956,클래식킥스 B 뮬 레이스,운동화
32630,휠라꼬모 뮬,운동화
32048,클래식 킥스B 뮬,운동화
32047,클래식 킥스B 뮬,운동화
39097,푸퍼 로우,운동화
39096,푸퍼 로우,운동화
39081,FX-100 테크,운동화
39052,펑키테니스 VC,운동화
32631,휠라꼬모 뮬,운동화
38692,<FILA X SUBWAY> 클래식보더 OG,운동화
