"<a class=""text-link"" data-category-name=""잭퍼셀"" data-id=""168677C"" data-name=""잭퍼셀 핵트 패션"" href=""/product/168677C"">잭퍼셀 핵트 패션</a>",잭퍼셀 핵트 패션,운동화
"<a class=""text-link"" data-category-name=""척 70"" data-id=""168859C"" data-name=""척 70 고어텍스"" href=""/product/168859C"">척 70 고어텍스</a>",척 70 고어텍스,운동화
"<a class=""text-link"" data-category-name=""척 70"" data-id=""168858C"" data-name=""척 70 고어텍스"" href=""/product/168858C"">척 70 고어텍스</a>",척 70 고어텍스,운동화
"<a class=""text-link"" data-category-name=""척 70"" data-id=""168697C"" data-name=""척 70 미 헨테"" href=""/product/168697C"">척 70 미 헨테</a>",척 70 미 헨테,운동화
"<a class=""text-link"" data-category-name=""척 70"" data-id=""168698C"" data-name=""척 70 미 헨테"" href=""/product/168698C"">척 70 미 헨테</a>",척 70 미 헨테,운동화
"<a class=""text-link"" data-category-name=""런칭 캘린더"" data-id=""168563C"" data-name=""올스타 디스럽트 CX"" href=""/product/168563C"">올스타 디스럽트 CX</a>",올스타 디스럽트 CX,운동화
"<a class=""text-link"" data-category-name=""런칭 캘린더"" data-id=""168582C"" data-name=""올스타 디스럽트 CX"" href=""/product/168582C"">올스타 디스럽트 CX</a>",올스타 디스럽트 CX,운동화
"<a class=""text-link"" data-category-name=""런칭 캘린더"" data-id=""168590C"" data-name=""척테일러 올스타 CX"" href=""/product/168590C"">척테일러 올스타 CX</a>",척테일러 올스타 CX,운동화
"<a class=""text-link"" data-category-name=""런칭 캘린더"" data-id=""168569C"" data-name=""척테일러 올스타 CX"" href=""/product/168569C"">척테일러 올스타 CX</a>",척테일러 올스타 CX,운동화
"<a class=""text-link"" data-category-name=""런칭 캘린더"" data-id=""168568C"" data-name=""척테일러 올스타 CX"" href=""/product/168568C"">척테일러 올스타 CX</a>",척테일러 올스타 CX,운동화
"<a class=""text-link"" data-category-name=""런칭 캘린더"" data-id=""168587C"" data-name=""척테일러 올스타 CX"" href=""/product/168587C"">척테일러 올스타 CX</a>",척테일러 올스타 CX,운동화
"<a class=""text-link"" data-category-name=""런칭 캘린더"" data-id=""168567C"" data-name=""척테일러 올스타 CX"" href=""/product/168567C"">척테일러 올스타 CX</a>",척테일러 올스타 CX,운동화
"<a class=""text-link"" data-category-name=""런칭 캘린더"" data-id=""168566C"" data-name=""척테일러 올스타 CX"" href=""/product/168566C"">척테일러 올스타 CX</a>",척테일러 올스타 CX,운동화
"<a class=""text-link"" data-category-name=""잭퍼셀"" data-id=""168978C"" data-name=""잭퍼셀 3V 컬러블록"" href=""/product/168978C"">잭퍼셀 3V 컬러블록</a>",잭퍼셀 3V 컬러블록,운동화
"<a class=""text-link"" data-category-name=""척 70"" data-id=""168628C"" data-name=""척 70 라이벌"" href=""/product/168628C"">척 70 라이벌</a>",척 70 라이벌,운동화
"<a class=""text-link"" data-category-name=""척 70"" data-id=""168624C"" data-name=""척 70 라이벌"" href=""/product/168624C"">척 70 라이벌</a>",척 70 라이벌,운동화
"<a class=""text-link"" data-category-name=""척 70"" data-id=""168623C"" data-name=""척 70 라이벌"" href=""/product/168623C"">척 70 라이벌</a>",척 70 라이벌,운동화
"<a class=""text-link"" data-category-name=""척 70"" data-id=""168673C"" data-name=""척 70 라이벌"" href=""/product/168673C"">척 70 라이벌</a>",척 70 라이벌,운동화
"<a class=""text-link"" data-category-name=""척 70"" data-id=""168671C"" data-name=""척 70 라이벌"" href=""/product/168671C"">척 70 라이벌</a>",척 70 라이벌,운동화
"<a class=""text-link"" data-category-name=""프로레더"" data-id=""168760C"" data-name=""프로레더 X2 라이벌"" href=""/product/168760C"">프로레더 X2 라이벌</a>",프로레더 X2 라이벌,운동화
"<a class=""text-link"" data-category-name=""프로레더"" data-id=""168691C"" data-name=""프로레더 X2 라이벌"" href=""/product/168691C"">프로레더 X2 라이벌</a>",프로레더 X2 라이벌,운동화
"<a class=""text-link"" data-category-name=""척 70"" data-id=""168559C"" data-name=""척 70 유틸리티"" href=""/product/168559C"">척 70 유틸리티</a>",척 70 유틸리티,운동화
"<a class=""text-link"" data-category-name=""척 70"" data-id=""168558C"" data-name=""척 70 유틸리티"" href=""/product/168558C"">척 70 유틸리티</a>",척 70 유틸리티,운동화
"<a class=""text-link"" data-category-name=""척 70"" data-id=""168701C"" data-name=""척 70 핵트 아카이브"" href=""/product/168701C"">척 70 핵트 아카이브</a>",척 70 핵트 아카이브,운동화
"<a class=""text-link"" data-category-name=""척 70"" data-id=""168905C"" data-name=""척 70 핵트 아카이브"" href=""/product/168905C"">척 70 핵트 아카이브</a>",척 70 핵트 아카이브,운동화
"<a class=""text-link"" data-category-name=""척 70"" data-id=""168904C"" data-name=""척 70 핵트 아카이브"" href=""/product/168904C"">척 70 핵트 아카이브</a>",척 70 핵트 아카이브,운동화
"<a class=""text-link"" data-category-name=""척 70"" data-id=""168906C"" data-name=""척 70 핵트 아카이브"" href=""/product/168906C"">척 70 핵트 아카이브</a>",척 70 핵트 아카이브,운동화
"<a class=""text-link"" data-category-name=""잭퍼셀"" data-id=""168977C"" data-name=""잭퍼셀 3V 컬러블록"" href=""/product/168977C"">잭퍼셀 3V 컬러블록</a>",잭퍼셀 3V 컬러블록,운동화
"<a class=""text-link"" data-category-name=""척 70"" data-id=""169880C"" data-name=""척 70 쿼드 패널"" href=""/product/169880C"">척 70 쿼드 패널</a>",척 70 쿼드 패널,운동화
"<a class=""text-link"" data-category-name=""척 70"" data-id=""169881C"" data-name=""척 70 쿼드 패널"" href=""/product/169881C"">척 70 쿼드 패널</a>",척 70 쿼드 패널,운동화
"<a class=""text-link"" data-category-name=""원스타"" data-id=""168658C"" data-name=""원스타 프로 AS 2 알렉시스"" href=""/product/168658C"">원스타 프로 AS 2 알렉시스</a>",원스타 프로 AS 2 알렉시스,운동화
"<a class=""text-link"" data-category-name=""원스타"" data-id=""159579C"" data-name=""원스타 프로 스웨이드"" href=""/product/159579C"">원스타 프로 스웨이드</a>",원스타 프로 스웨이드,운동화
"<a class=""text-link"" data-category-name=""원스타"" data-id=""168672C"" data-name=""루이 로페즈 프로 알렉시스"" href=""/product/168672C"">루이 로페즈 프로 알렉시스</a>",루이 로페즈 프로 알렉시스,운동화
"<a class=""text-link"" data-category-name=""원스타"" data-id=""163261C"" data-name=""루이 로페즈 프로 인트로 팩"" href=""/product/163261C"">루이 로페즈 프로 인트로 팩</a>",루이 로페즈 프로 인트로 팩,운동화
"<a class=""text-link"" data-category-name=""원스타"" data-id=""168655C"" data-name=""원스타 프로 피그 스킨"" href=""/product/168655C"">원스타 프로 피그 스킨</a>",원스타 프로 피그 스킨,운동화
"<a class=""text-link"" data-category-name=""원스타"" data-id=""168654C"" data-name=""원스타 프로 피그 스킨"" href=""/product/168654C"">원스타 프로 피그 스킨</a>",원스타 프로 피그 스킨,운동화
"<a class=""text-link"" data-category-name=""원스타"" data-id=""160545C"" data-name=""원스타 프로 슬립 스웨이드"" href=""/product/160545C"">원스타 프로 슬립 스웨이드</a>",원스타 프로 슬립 스웨이드,운동화
"<a class=""text-link"" data-category-name=""척테일러 올스타"" data-id=""168603C"" data-name=""척테일러 올스타 리뉴"" href=""/product/168603C"">척테일러 올스타 리뉴</a>",척테일러 올스타 리뉴,운동화
"<a class=""text-link"" data-category-name=""척테일러 올스타"" data-id=""168602C"" data-name=""척테일러 올스타 리뉴"" href=""/product/168602C"">척테일러 올스타 리뉴</a>",척테일러 올스타 리뉴,운동화
"<a class=""text-link"" data-category-name=""척테일러 올스타"" data-id=""168595C"" data-name=""척테일러 올스타 리뉴"" href=""/product/168595C"">척테일러 올스타 리뉴</a>",척테일러 올스타 리뉴,운동화
"<a class=""text-link"" data-category-name=""잭퍼셀"" data-id=""168677C"" data-name=""잭퍼셀 핵트 패션"" href=""/product/168677C"">잭퍼셀 핵트 패션</a>",잭퍼셀 핵트 패션,운동화
"<a class=""text-link"" data-category-name=""척 70"" data-id=""168859C"" data-name=""척 70 고어텍스"" href=""/product/168859C"">척 70 고어텍스</a>",척 70 고어텍스,운동화
"<a class=""text-link"" data-category-name=""척 70"" data-id=""168858C"" data-name=""척 70 고어텍스"" href=""/product/168858C"">척 70 고어텍스</a>",척 70 고어텍스,운동화
"<a class=""text-link"" data-category-name=""척 70"" data-id=""168697C"" data-name=""척 70 미 헨테"" href=""/product/168697C"">척 70 미 헨테</a>",척 70 미 헨테,운동화
"<a class=""text-link"" data-category-name=""척 70"" data-id=""168698C"" data-name=""척 70 미 헨테"" href=""/product/168698C"">척 70 미 헨테</a>",척 70 미 헨테,운동화
"<a class=""text-link"" data-category-name=""런칭 캘린더"" data-id=""168563C"" data-name=""올스타 디스럽트 CX"" href=""/product/168563C"">올스타 디스럽트 CX</a>",올스타 디스럽트 CX,운동화
"<a class=""text-link"" data-category-name=""런칭 캘린더"" data-id=""168582C"" data-name=""올스타 디스럽트 CX"" href=""/product/168582C"">올스타 디스럽트 CX</a>",올스타 디스럽트 CX,운동화
,"
척 70
",운동화
"<a class=""text-link"" data-category-name=""런칭 캘린더"" data-id=""168590C"" data-name=""척테일러 올스타 CX"" href=""/product/168590C"">척테일러 올스타 CX</a>",척테일러 올스타 CX,운동화
"<a class=""text-link"" data-category-name=""런칭 캘린더"" data-id=""168569C"" data-name=""척테일러 올스타 CX"" href=""/product/168569C"">척테일러 올스타 CX</a>",척테일러 올스타 CX,운동화
"<a class=""text-link"" data-category-name=""런칭 캘린더"" data-id=""168568C"" data-name=""척테일러 올스타 CX"" href=""/product/168568C"">척테일러 올스타 CX</a>",척테일러 올스타 CX,운동화
"<a class=""text-link"" data-category-name=""런칭 캘린더"" data-id=""168587C"" data-name=""척테일러 올스타 CX"" href=""/product/168587C"">척테일러 올스타 CX</a>",척테일러 올스타 CX,운동화
"<a class=""text-link"" data-category-name=""런칭 캘린더"" data-id=""168567C"" data-name=""척테일러 올스타 CX"" href=""/product/168567C"">척테일러 올스타 CX</a>",척테일러 올스타 CX,운동화
"<a class=""text-link"" data-category-name=""런칭 캘린더"" data-id=""168566C"" data-name=""척테일러 올스타 CX"" href=""/product/168566C"">척테일러 올스타 CX</a>",척테일러 올스타 CX,운동화
"<a class=""text-link"" data-category-name=""잭퍼셀"" data-id=""168978C"" data-name=""잭퍼셀 3V 컬러블록"" href=""/product/168978C"">잭퍼셀 3V 컬러블록</a>",잭퍼셀 3V 컬러블록,운동화
"<a class=""text-link"" data-category-name=""척 70"" data-id=""168628C"" data-name=""척 70 라이벌"" href=""/product/168628C"">척 70 라이벌</a>",척 70 라이벌,운동화
,"
컨버스 CX
",운동화
"<a class=""text-link"" data-category-name=""척 70"" data-id=""168624C"" data-name=""척 70 라이벌"" href=""/product/168624C"">척 70 라이벌</a>",척 70 라이벌,운동화
"<a class=""text-link"" data-category-name=""척 70"" data-id=""168623C"" data-name=""척 70 라이벌"" href=""/product/168623C"">척 70 라이벌</a>",척 70 라이벌,운동화
"<a class=""text-link"" data-category-name=""척 70"" data-id=""168673C"" data-name=""척 70 라이벌"" href=""/product/168673C"">척 70 라이벌</a>",척 70 라이벌,운동화
"<a class=""text-link"" data-category-name=""척 70"" data-id=""168671C"" data-name=""척 70 라이벌"" href=""/product/168671C"">척 70 라이벌</a>",척 70 라이벌,운동화
"<a class=""text-link"" data-category-name=""프로레더"" data-id=""168760C"" data-name=""프로레더 X2 라이벌"" href=""/product/168760C"">프로레더 X2 라이벌</a>",프로레더 X2 라이벌,운동화
"<a class=""text-link"" data-category-name=""프로레더"" data-id=""168691C"" data-name=""프로레더 X2 라이벌"" href=""/product/168691C"">프로레더 X2 라이벌</a>",프로레더 X2 라이벌,운동화
"<a class=""text-link"" data-category-name=""척 70"" data-id=""168559C"" data-name=""척 70 유틸리티"" href=""/product/168559C"">척 70 유틸리티</a>",척 70 유틸리티,운동화
"<a class=""text-link"" data-category-name=""척 70"" data-id=""168558C"" data-name=""척 70 유틸리티"" href=""/product/168558C"">척 70 유틸리티</a>",척 70 유틸리티,운동화
"<a class=""text-link"" data-category-name=""척 70"" data-id=""168701C"" data-name=""척 70 핵트 아카이브"" href=""/product/168701C"">척 70 핵트 아카이브</a>",척 70 핵트 아카이브,운동화
"<a class=""text-link"" data-category-name=""척 70"" data-id=""168905C"" data-name=""척 70 핵트 아카이브"" href=""/product/168905C"">척 70 핵트 아카이브</a>",척 70 핵트 아카이브,운동화
"<a class=""text-link"" data-category-name=""척 70"" data-id=""168904C"" data-name=""척 70 핵트 아카이브"" href=""/product/168904C"">척 70 핵트 아카이브</a>",척 70 핵트 아카이브,운동화
"<a class=""text-link"" data-category-name=""척 70"" data-id=""168906C"" data-name=""척 70 핵트 아카이브"" href=""/product/168906C"">척 70 핵트 아카이브</a>",척 70 핵트 아카이브,운동화
"<a class=""text-link"" data-category-name=""잭퍼셀"" data-id=""168977C"" data-name=""잭퍼셀 3V 컬러블록"" href=""/product/168977C"">잭퍼셀 3V 컬러블록</a>",잭퍼셀 3V 컬러블록,운동화
"<a class=""text-link"" data-category-name=""척 70"" data-id=""169880C"" data-name=""척 70 쿼드 패널"" href=""/product/169880C"">척 70 쿼드 패널</a>",척 70 쿼드 패널,운동화
"<a class=""text-link"" data-category-name=""척 70"" data-id=""169881C"" data-name=""척 70 쿼드 패널"" href=""/product/169881C"">척 70 쿼드 패널</a>",척 70 쿼드 패널,운동화
"<a class=""text-link"" data-category-name=""원스타"" data-id=""168658C"" data-name=""원스타 프로 AS 2 알렉시스"" href=""/product/168658C"">원스타 프로 AS 2 알렉시스</a>",원스타 프로 AS 2 알렉시스,운동화
"<a class=""text-link"" data-category-name=""원스타"" data-id=""159579C"" data-name=""원스타 프로 스웨이드"" href=""/product/159579C"">원스타 프로 스웨이드</a>",원스타 프로 스웨이드,운동화
"<a class=""text-link"" data-category-name=""원스타"" data-id=""168672C"" data-name=""루이 로페즈 프로 알렉시스"" href=""/product/168672C"">루이 로페즈 프로 알렉시스</a>",루이 로페즈 프로 알렉시스,운동화
"<a class=""text-link"" data-category-name=""원스타"" data-id=""163261C"" data-name=""루이 로페즈 프로 인트로 팩"" href=""/product/163261C"">루이 로페즈 프로 인트로 팩</a>",루이 로페즈 프로 인트로 팩,운동화
"<a class=""text-link"" data-category-name=""원스타"" data-id=""168655C"" data-name=""원스타 프로 피그 스킨"" href=""/product/168655C"">원스타 프로 피그 스킨</a>",원스타 프로 피그 스킨,운동화
"<a class=""text-link"" data-category-name=""원스타"" data-id=""168654C"" data-name=""원스타 프로 피그 스킨"" href=""/product/168654C"">원스타 프로 피그 스킨</a>",원스타 프로 피그 스킨,운동화
"<a class=""text-link"" data-category-name=""원스타"" data-id=""160545C"" data-name=""원스타 프로 슬립 스웨이드"" href=""/product/160545C"">원스타 프로 슬립 스웨이드</a>",원스타 프로 슬립 스웨이드,운동화
"<a class=""text-link"" data-category-name=""척테일러 올스타"" data-id=""168603C"" data-name=""척테일러 올스타 리뉴"" href=""/product/168603C"">척테일러 올스타 리뉴</a>",척테일러 올스타 리뉴,운동화
"<a class=""text-link"" data-category-name=""척테일러 올스타"" data-id=""168602C"" data-name=""척테일러 올스타 리뉴"" href=""/product/168602C"">척테일러 올스타 리뉴</a>",척테일러 올스타 리뉴,운동화
"<a class=""text-link"" data-category-name=""척테일러 올스타"" data-id=""168595C"" data-name=""척테일러 올스타 리뉴"" href=""/product/168595C"">척테일러 올스타 리뉴</a>",척테일러 올스타 리뉴,운동화
"<a class=""text-link"" data-category-name=""척테일러 올스타"" data-id=""168594C"" data-name=""척테일러 올스타 리뉴"" href=""/product/168594C"">척테일러 올스타 리뉴</a>",척테일러 올스타 리뉴,운동화
"<a class=""text-link"" data-category-name=""척테일러 올스타"" data-id=""168593C"" data-name=""척테일러 올스타 리뉴"" href=""/product/168593C"">척테일러 올스타 리뉴</a>",척테일러 올스타 리뉴,운동화
"<a class=""text-link"" data-category-name=""척 70"" data-id=""168618C"" data-name=""척 70 리뉴"" href=""/product/168618C"">척 70 리뉴</a>",척 70 리뉴,운동화
"<a class=""text-link"" data-category-name=""척 70"" data-id=""168615C"" data-name=""척 70 리뉴"" href=""/product/168615C"">척 70 리뉴</a>",척 70 리뉴,운동화
"<a class=""text-link"" data-category-name=""척 70"" data-id=""168614C"" data-name=""척 70 리뉴"" href=""/product/168614C"">척 70 리뉴</a>",척 70 리뉴,운동화
"<a class=""text-link"" data-category-name=""잭퍼셀"" data-id=""168678C"" data-name=""잭퍼셀 핵트 패션"" href=""/product/168678C"">잭퍼셀 핵트 패션</a>",잭퍼셀 핵트 패션,운동화
"<a class=""text-link"" data-category-name=""잭퍼셀"" data-id=""168676C"" data-name=""잭퍼셀 핵트 패션"" href=""/product/168676C"">잭퍼셀 핵트 패션</a>",잭퍼셀 핵트 패션,운동화
"<a class=""text-link"" data-category-name=""잭퍼셀"" data-id=""168975C"" data-name=""잭퍼셀 컬러블록"" href=""/product/168975C"">잭퍼셀 컬러블록</a>",잭퍼셀 컬러블록,운동화
"<a class=""text-link"" data-category-name=""잭퍼셀"" data-id=""168976C"" data-name=""잭퍼셀 컬러블록"" href=""/product/168976C"">잭퍼셀 컬러블록</a>",잭퍼셀 컬러블록,운동화
"<a class=""text-link"" data-category-name=""척테일러 올스타"" data-id=""168747C"" data-name=""척테일러 올스타 핵트 패션"" href=""/product/168747C"">척테일러 올스타 핵트 패션</a>",척테일러 올스타 핵트 패션,운동화
"<a class=""text-link"" data-category-name=""척테일러 올스타"" data-id=""168746C"" data-name=""척테일러 올스타 핵트 패션"" href=""/product/168746C"">척테일러 올스타 핵트 패션</a>",척테일러 올스타 핵트 패션,운동화
"<a class=""text-link"" data-category-name=""척테일러 올스타"" data-id=""168745C"" data-name=""척테일러 올스타 핵트 패션"" href=""/product/168745C"">척테일러 올스타 핵트 패션</a>",척테일러 올스타 핵트 패션,운동화
"<a class=""text-link"" data-category-name=""척 70"" data-id=""168700C"" data-name=""척 70 핵트 패션"" href=""/product/168700C"">척 70 핵트 패션</a>",척 70 핵트 패션,운동화
"<a class=""text-link"" data-category-name=""척 70"" data-id=""168699C"" data-name=""척 70 핵트 패션"" href=""/product/168699C"">척 70 핵트 패션</a>",척 70 핵트 패션,운동화
"<a class=""text-link"" data-category-name=""척 70"" data-id=""168696C"" data-name=""척 70 핵트 패션"" href=""/product/168696C"">척 70 핵트 패션</a>",척 70 핵트 패션,운동화
"<a class=""text-link"" data-category-name=""척 70"" data-id=""168695C"" data-name=""척 70 핵트 패션"" href=""/product/168695C"">척 70 핵트 패션</a>",척 70 핵트 패션,운동화
"<a class=""text-link"" data-category-name=""잭퍼셀"" data-id=""168974C"" data-name=""잭퍼셀 미드 핵트 패션"" href=""/product/168974C"">잭퍼셀 미드 핵트 패션</a>",잭퍼셀 미드 핵트 패션,운동화
"<a class=""text-link"" data-category-name=""척테일러 올스타"" data-id=""168640C"" data-name=""척테일러 올스타 프로 스웨이드"" href=""/product/168640C"">척테일러 올스타 프로 스웨이드</a>",척테일러 올스타 프로 스웨이드,운동화
"<a class=""text-link"" data-category-name=""척테일러 올스타"" data-id=""168642C"" data-name=""척테일러 올스타 프로 스웨이드"" href=""/product/168642C"">척테일러 올스타 프로 스웨이드</a>",척테일러 올스타 프로 스웨이드,운동화
"<a class=""text-link"" data-category-name=""원스타"" data-id=""163268C"" data-name=""원스타 아카데미 아카이브 어센틱"" href=""/product/163268C"">원스타 아카데미 아카이브 어센틱</a>",원스타 아카데미 아카이브 어센틱,운동화
"<a class=""text-link"" data-category-name=""척테일러 올스타"" data-id=""168535C"" data-name=""척테일러 올스타 트라이블록"" href=""/product/168535C"">척테일러 올스타 트라이블록</a>",척테일러 올스타 트라이블록,운동화
"<a class=""text-link"" data-category-name=""척테일러 올스타"" data-id=""168534C"" data-name=""척테일러 올스타 트라이블록"" href=""/product/168534C"">척테일러 올스타 트라이블록</a>",척테일러 올스타 트라이블록,운동화
"<a class=""text-link"" data-category-name=""척테일러 올스타"" data-id=""168532C"" data-name=""척테일러 올스타 트라이블록"" href=""/product/168532C"">척테일러 올스타 트라이블록</a>",척테일러 올스타 트라이블록,운동화
"<a class=""text-link"" data-category-name=""척테일러 올스타"" data-id=""168533C"" data-name=""척테일러 올스타 트라이블록"" href=""/product/168533C"">척테일러 올스타 트라이블록</a>",척테일러 올스타 트라이블록,운동화
"<a class=""text-link"" data-category-name=""척테일러 올스타"" data-id=""159574C"" data-name=""척테일러 올스타 프로 스웨이드"" href=""/product/159574C"">척테일러 올스타 프로 스웨이드</a>",척테일러 올스타 프로 스웨이드,운동화
"<a class=""text-link"" data-category-name=""척테일러 올스타"" data-id=""159573C"" data-name=""척테일러 올스타 프로 스웨이드"" href=""/product/159573C"">척테일러 올스타 프로 스웨이드</a>",척테일러 올스타 프로 스웨이드,운동화
"<a class=""text-link"" data-category-name=""척 70"" data-id=""169765C"" data-name=""척 70 크리에이트 더 퓨처"" href=""/product/169765C"">척 70 크리에이트 더 퓨처</a>",척 70 크리에이트 더 퓨처,운동화
"<a class=""text-link"" data-category-name=""척 70"" data-id=""169764C"" data-name=""척 70 크리에이트 더 퓨처"" href=""/product/169764C"">척 70 크리에이트 더 퓨처</a>",척 70 크리에이트 더 퓨처,운동화
"<a class=""text-link"" data-category-name=""잭퍼셀"" data-id=""168793C"" data-name=""잭퍼셀 프로 알렉시스"" href=""/product/168793C"">잭퍼셀 프로 알렉시스</a>",잭퍼셀 프로 알렉시스,운동화
"<a class=""text-link"" data-category-name=""프로레더"" data-id=""168871C"" data-name=""프로레더 블리딩 컬러"" href=""/product/168871C"">프로레더 블리딩 컬러</a>",프로레더 블리딩 컬러,운동화
"<a class=""text-link"" data-category-name=""프로레더"" data-id=""168787C"" data-name=""프로레더 블리딩 컬러"" href=""/product/168787C"">프로레더 블리딩 컬러</a>",프로레더 블리딩 컬러,운동화
"<a class=""text-link"" data-category-name=""척 70"" data-id=""168605C"" data-name=""척 70 파이널 클럽"" href=""/product/168605C"">척 70 파이널 클럽</a>",척 70 파이널 클럽,운동화
"<a class=""text-link"" data-category-name=""척 70"" data-id=""168604C"" data-name=""척 70 파이널 클럽"" href=""/product/168604C"">척 70 파이널 클럽</a>",척 70 파이널 클럽,운동화
"<a class=""text-link"" data-category-name=""원스타"" data-id=""168972C"" data-name=""원스타 한별 컬러블록"" href=""/product/168972C"">원스타 한별 컬러블록</a>",원스타 한별 컬러블록,운동화
"<a class=""text-link"" data-category-name=""척 70"" data-id=""168929C"" data-name=""척 70 시즈널 컬러"" href=""/product/168929C"">척 70 시즈널 컬러</a>",척 70 시즈널 컬러,운동화
"<a class=""text-link"" data-category-name=""척 70"" data-id=""168928C"" data-name=""척 70 시즈널 컬러"" href=""/product/168928C"">척 70 시즈널 컬러</a>",척 70 시즈널 컬러,운동화
"<a class=""text-link"" data-category-name=""척 70"" data-id=""168506C"" data-name=""척 70 시즈널 컬러"" href=""/product/168506C"">척 70 시즈널 컬러</a>",척 70 시즈널 컬러,운동화
"<a class=""text-link"" data-category-name=""척 70"" data-id=""168503C"" data-name=""척 70 시즈널 컬러"" href=""/product/168503C"">척 70 시즈널 컬러</a>",척 70 시즈널 컬러,운동화
"<a class=""text-link"" data-category-name=""척 70"" data-id=""168505C"" data-name=""척 70 시즈널 컬러"" href=""/product/168505C"">척 70 시즈널 컬러</a>",척 70 시즈널 컬러,운동화
"<a class=""text-link"" data-category-name=""척 70"" data-id=""168504C"" data-name=""척 70 시즈널 컬러"" href=""/product/168504C"">척 70 시즈널 컬러</a>",척 70 시즈널 컬러,운동화
"<a class=""text-link"" data-category-name=""척 70"" data-id=""168515C"" data-name=""척 70 빈티지 캔버스"" href=""/product/168515C"">척 70 빈티지 캔버스</a>",척 70 빈티지 캔버스,운동화
"<a class=""text-link"" data-category-name=""척 70"" data-id=""168510C"" data-name=""척 70 빈티지 캔버스"" href=""/product/168510C"">척 70 빈티지 캔버스</a>",척 70 빈티지 캔버스,운동화
"<a class=""text-link"" data-category-name=""척 70"" data-id=""168514C"" data-name=""척 70 빈티지 캔버스"" href=""/product/168514C"">척 70 빈티지 캔버스</a>",척 70 빈티지 캔버스,운동화
"<a class=""text-link"" data-category-name=""척 70"" data-id=""168509C"" data-name=""척 70 빈티지 캔버스"" href=""/product/168509C"">척 70 빈티지 캔버스</a>",척 70 빈티지 캔버스,운동화
"<a class=""text-link"" data-category-name=""척 70"" data-id=""168513C"" data-name=""척 70 빈티지 캔버스"" href=""/product/168513C"">척 70 빈티지 캔버스</a>",척 70 빈티지 캔버스,운동화
"<a class=""text-link"" data-category-name=""척 70"" data-id=""168508C"" data-name=""척 70 빈티지 캔버스"" href=""/product/168508C"">척 70 빈티지 캔버스</a>",척 70 빈티지 캔버스,운동화
"<a class=""text-link"" data-category-name=""척테일러 올스타"" data-id=""168580C"" data-name=""척테일러 올스타 시즈널 컬러"" href=""/product/168580C"">척테일러 올스타 시즈널 컬러</a>",척테일러 올스타 시즈널 컬러,운동화
"<a class=""text-link"" data-category-name=""척테일러 올스타"" data-id=""168578C"" data-name=""척테일러 올스타 시즈널 컬러"" href=""/product/168578C"">척테일러 올스타 시즈널 컬러</a>",척테일러 올스타 시즈널 컬러,운동화
"<a class=""text-link"" data-category-name=""척테일러 올스타"" data-id=""168577C"" data-name=""척테일러 올스타 시즈널 컬러"" href=""/product/168577C"">척테일러 올스타 시즈널 컬러</a>",척테일러 올스타 시즈널 컬러,운동화
"<a class=""text-link"" data-category-name=""척테일러 올스타"" data-id=""168575C"" data-name=""척테일러 올스타 시즈널 컬러"" href=""/product/168575C"">척테일러 올스타 시즈널 컬러</a>",척테일러 올스타 시즈널 컬러,운동화
"<a class=""text-link"" data-category-name=""척테일러 올스타"" data-id=""168573C"" data-name=""척테일러 올스타 시즈널 컬러"" href=""/product/168573C"">척테일러 올스타 시즈널 컬러</a>",척테일러 올스타 시즈널 컬러,운동화
"<a class=""text-link"" data-category-name=""척테일러 올스타"" data-id=""168572C"" data-name=""척테일러 올스타 시즈널 컬러"" href=""/product/168572C"">척테일러 올스타 시즈널 컬러</a>",척테일러 올스타 시즈널 컬러,운동화
"<a class=""text-link"" data-category-name=""척테일러 올스타"" data-id=""168581C"" data-name=""척테일러 올스타 시즈널 컬러"" href=""/product/168581C"">척테일러 올스타 시즈널 컬러</a>",척테일러 올스타 시즈널 컬러,운동화
"<a class=""text-link"" data-category-name=""척테일러 올스타"" data-id=""168579C"" data-name=""척테일러 올스타 시즈널 컬러"" href=""/product/168579C"">척테일러 올스타 시즈널 컬러</a>",척테일러 올스타 시즈널 컬러,운동화
"<a class=""text-link"" data-category-name=""척테일러 올스타"" data-id=""167760C"" data-name=""척테일러 올스타 레인보우"" href=""/product/167760C"">척테일러 올스타 레인보우</a>",척테일러 올스타 레인보우,운동화
"<a class=""text-link"" data-category-name=""척테일러 올스타"" data-id=""167758C"" data-name=""척테일러 올스타 레인보우"" href=""/product/167758C"">척테일러 올스타 레인보우</a>",척테일러 올스타 레인보우,운동화
"<a class=""text-link"" data-category-name=""잭퍼셀"" data-id=""168140C"" data-name=""잭퍼셀 트레일 투 코브"" href=""/product/168140C"">잭퍼셀 트레일 투 코브</a>",잭퍼셀 트레일 투 코브,운동화
"<a class=""text-link"" data-category-name=""잭퍼셀"" data-id=""168138C"" data-name=""잭퍼셀 트레일 투 코브"" href=""/product/168138C"">잭퍼셀 트레일 투 코브</a>",잭퍼셀 트레일 투 코브,운동화
"<a class=""text-link"" data-category-name=""잭퍼셀"" data-id=""168139C"" data-name=""잭퍼셀 트레일 투 코브"" href=""/product/168139C"">잭퍼셀 트레일 투 코브</a>",잭퍼셀 트레일 투 코브,운동화
"<a class=""text-link"" data-category-name=""잭퍼셀"" data-id=""167920C"" data-name=""잭퍼셀 해피 캠퍼"" href=""/product/167920C"">잭퍼셀 해피 캠퍼</a>",잭퍼셀 해피 캠퍼,운동화
"<a class=""text-link"" data-category-name=""잭퍼셀"" data-id=""167921C"" data-name=""잭퍼셀 해피 캠퍼"" href=""/product/167921C"">잭퍼셀 해피 캠퍼</a>",잭퍼셀 해피 캠퍼,운동화
"<a class=""text-link"" data-category-name=""잭퍼셀"" data-id=""167922C"" data-name=""잭퍼셀 해피 캠퍼"" href=""/product/167922C"">잭퍼셀 해피 캠퍼</a>",잭퍼셀 해피 캠퍼,운동화
"<a class=""text-link"" data-category-name=""잭퍼셀"" data-id=""168135C"" data-name=""잭퍼셀 샤이니 레더"" href=""/product/168135C"">잭퍼셀 샤이니 레더</a>",잭퍼셀 샤이니 레더,운동화
"<a class=""text-link"" data-category-name=""잭퍼셀"" data-id=""168134C"" data-name=""잭퍼셀 샤이니 레더"" href=""/product/168134C"">잭퍼셀 샤이니 레더</a>",잭퍼셀 샤이니 레더,운동화
"<a class=""text-link"" data-category-name=""척 70"" data-id=""167699C"" data-name=""척 70 시그니처"" href=""/product/167699C"">척 70 시그니처</a>",척 70 시그니처,운동화
"<a class=""text-link"" data-category-name=""척 70"" data-id=""167698C"" data-name=""척 70 시그니처"" href=""/product/167698C"">척 70 시그니처</a>",척 70 시그니처,운동화
"<a class=""text-link"" data-category-name=""척 70"" data-id=""167697C"" data-name=""척 70 시그니처"" href=""/product/167697C"">척 70 시그니처</a>",척 70 시그니처,운동화
"<a class=""text-link"" data-category-name=""척 70"" data-id=""167696C"" data-name=""척 70 시그니처"" href=""/product/167696C"">척 70 시그니처</a>",척 70 시그니처,운동화
"<a class=""text-link"" data-category-name=""척테일러 올스타"" data-id=""150249C"" data-name=""척테일러 올스타 컷어웨이"" href=""/product/150249C"">척테일러 올스타 컷어웨이</a>",척테일러 올스타 컷어웨이,운동화
"<a class=""text-link"" data-category-name=""척테일러 올스타"" data-id=""150247C"" data-name=""척테일러 올스타 컷어웨이"" href=""/product/150247C"">척테일러 올스타 컷어웨이</a>",척테일러 올스타 컷어웨이,운동화
"<a class=""text-link"" data-category-name=""원스타"" data-id=""567723C"" data-name=""원스타 슬라이드"" href=""/product/567723C"">원스타 슬라이드</a>",원스타 슬라이드,운동화
"<a class=""text-link"" data-category-name=""원스타"" data-id=""564143C"" data-name=""원스타 슬라이드"" href=""/product/564143C"">원스타 슬라이드</a>",원스타 슬라이드,운동화
"<a class=""text-link"" data-category-name=""척 70"" data-id=""167755C"" data-name=""척 70 레인보우"" href=""/product/167755C"">척 70 레인보우</a>",척 70 레인보우,운동화
"<a class=""text-link"" data-category-name=""척 70"" data-id=""167756C"" data-name=""척 70 레인보우"" href=""/product/167756C"">척 70 레인보우</a>",척 70 레인보우,운동화
"<a class=""text-link"" data-category-name=""척테일러 올스타"" data-id=""167596C"" data-name=""척테일러 올스타 사이키델릭 훕"" href=""/product/167596C"">척테일러 올스타 사이키델릭 훕</a>",척테일러 올스타 사이키델릭 훕,운동화
"<a class=""text-link"" data-category-name=""척테일러 올스타"" data-id=""167592C"" data-name=""척테일러 올스타 사이키델릭 훕"" href=""/product/167592C"">척테일러 올스타 사이키델릭 훕</a>",척테일러 올스타 사이키델릭 훕,운동화
"<a class=""text-link"" data-category-name=""척테일러 올스타"" data-id=""167593C"" data-name=""척테일러 올스타 사이키델릭 훕"" href=""/product/167593C"">척테일러 올스타 사이키델릭 훕</a>",척테일러 올스타 사이키델릭 훕,운동화
"<a class=""text-link"" data-category-name=""척 70"" data-id=""167645C"" data-name=""척 70 해피 캠퍼"" href=""/product/167645C"">척 70 해피 캠퍼</a>",척 70 해피 캠퍼,운동화
"<a class=""text-link"" data-category-name=""척 70"" data-id=""167642C"" data-name=""척 70 해피 캠퍼"" href=""/product/167642C"">척 70 해피 캠퍼</a>",척 70 해피 캠퍼,운동화
"<a class=""text-link"" data-category-name=""잭퍼셀"" data-id=""167830C"" data-name=""잭퍼셀 아카이브 프린트 스타 앤 스트라이프"" href=""/product/167830C"">잭퍼셀 아카이브 프린트 스타 앤 스트라이프</a>",잭퍼셀 아카이브 프린트 스타 앤 스트라이프,운동화
"<a class=""text-link"" data-category-name=""척 70"" data-id=""167827C"" data-name=""척 70 사이키델릭 훕"" href=""/product/167827C"">척 70 사이키델릭 훕</a>",척 70 사이키델릭 훕,운동화
"<a class=""text-link"" data-category-name=""척 70"" data-id=""167826C"" data-name=""척 70 사이키델릭 훕"" href=""/product/167826C"">척 70 사이키델릭 훕</a>",척 70 사이키델릭 훕,운동화
"<a class=""text-link"" data-category-name=""척 70"" data-id=""167702C"" data-name=""척 70 시즈널 캔버스"" href=""/product/167702C"">척 70 시즈널 캔버스</a>",척 70 시즈널 캔버스,운동화
"<a class=""text-link"" data-category-name=""척 70"" data-id=""167910C"" data-name=""척 70 사이키델릭 훕"" href=""/product/167910C"">척 70 사이키델릭 훕</a>",척 70 사이키델릭 훕,운동화
"<a class=""text-link"" data-category-name=""척 70"" data-id=""167911C"" data-name=""척 70 사이키델릭 훕"" href=""/product/167911C"">척 70 사이키델릭 훕</a>",척 70 사이키델릭 훕,운동화
"<a class=""text-link"" data-category-name=""척 70"" data-id=""167915C"" data-name=""척 70 언리쉬 피스"" href=""/product/167915C"">척 70 언리쉬 피스</a>",척 70 언리쉬 피스,운동화
"<a class=""text-link"" data-category-name=""척 70"" data-id=""167912C"" data-name=""척 70 언리쉬 피스"" href=""/product/167912C"">척 70 언리쉬 피스</a>",척 70 언리쉬 피스,운동화
"<a class=""text-link"" data-category-name=""척 70"" data-id=""167708C"" data-name=""척 70 아카이브 프린트 스타 앤 스트라이프"" href=""/product/167708C"">척 70 아카이브 프린트 스타 앤 스트라이프</a>",척 70 아카이브 프린트 스타 앤 스트라이프,운동화
"<a class=""text-link"" data-category-name=""척 70"" data-id=""167709C"" data-name=""척 70 아카이브 프린트 스타 앤 스트라이프"" href=""/product/167709C"">척 70 아카이브 프린트 스타 앤 스트라이프</a>",척 70 아카이브 프린트 스타 앤 스트라이프,운동화
"<a class=""text-link"" data-category-name=""프로레더"" data-id=""167854C"" data-name=""프로레더 선 블록"" href=""/product/167854C"">프로레더 선 블록</a>",프로레더 선 블록,운동화
"<a class=""text-link"" data-category-name=""프로레더"" data-id=""167853C"" data-name=""프로레더 선 블록"" href=""/product/167853C"">프로레더 선 블록</a>",프로레더 선 블록,운동화
"<a class=""text-link"" data-category-name=""척 70"" data-id=""167673C"" data-name=""척 70 선 블록"" href=""/product/167673C"">척 70 선 블록</a>",척 70 선 블록,운동화
"<a class=""text-link"" data-category-name=""척 70"" data-id=""167669C"" data-name=""척 70 선 블록"" href=""/product/167669C"">척 70 선 블록</a>",척 70 선 블록,운동화
"<a class=""text-link"" data-category-name=""척테일러 올스타"" data-id=""168293C"" data-name=""척테일러 올스타 페스티벌 스트라이프"" href=""/product/168293C"">척테일러 올스타 페스티벌 스트라이프</a>",척테일러 올스타 페스티벌 스트라이프,운동화
"<a class=""text-link"" data-category-name=""척테일러 올스타"" data-id=""168279C"" data-name=""척테일러 올스타 페스티벌 스트라이프"" href=""/product/168279C"">척테일러 올스타 페스티벌 스트라이프</a>",척테일러 올스타 페스티벌 스트라이프,운동화
"<a class=""text-link"" data-category-name=""척테일러 올스타"" data-id=""166709C"" data-name=""척테일러 올스타 시즈널 컬러"" href=""/product/166709C"">척테일러 올스타 시즈널 컬러</a>",척테일러 올스타 시즈널 컬러,운동화
"<a class=""text-link"" data-category-name=""척 70"" data-id=""167819C"" data-name=""척 70 클린 앤 프림"" href=""/product/167819C"">척 70 클린 앤 프림</a>",척 70 클린 앤 프림,운동화
"<a class=""text-link"" data-category-name=""척 70"" data-id=""167821C"" data-name=""척 70 클린 앤 프림"" href=""/product/167821C"">척 70 클린 앤 프림</a>",척 70 클린 앤 프림,운동화
"<a class=""text-link"" data-category-name=""척테일러 올스타"" data-id=""167631C"" data-name=""척테일러 올스타 아카이브 프린트 트위스티드"" href=""/product/167631C"">척테일러 올스타 아카이브 프린트 트위스티드</a>",척테일러 올스타 아카이브 프린트 트위스티드,운동화
"<a class=""text-link"" data-category-name=""척테일러 올스타"" data-id=""167629C"" data-name=""척테일러 올스타 아카이브 프린트 트위스티드"" href=""/product/167629C"">척테일러 올스타 아카이브 프린트 트위스티드</a>",척테일러 올스타 아카이브 프린트 트위스티드,운동화
"<a class=""text-link"" data-category-name=""잭퍼셀"" data-id=""167707C"" data-name=""잭퍼셀 시즈널 컬러 트윌"" href=""/product/167707C"">잭퍼셀 시즈널 컬러 트윌</a>",잭퍼셀 시즈널 컬러 트윌,운동화
"<a class=""text-link"" data-category-name=""잭퍼셀"" data-id=""167706C"" data-name=""잭퍼셀 시즈널 컬러 트윌"" href=""/product/167706C"">잭퍼셀 시즈널 컬러 트윌</a>",잭퍼셀 시즈널 컬러 트윌,운동화
"<a class=""text-link"" data-category-name=""척 70"" data-id=""167813C"" data-name=""척 70 아카이브 프린트"" href=""/product/167813C"">척 70 아카이브 프린트</a>",척 70 아카이브 프린트,운동화
"<a class=""text-link"" data-category-name=""척 70"" data-id=""167810C"" data-name=""척 70 아카이브 프린트"" href=""/product/167810C"">척 70 아카이브 프린트</a>",척 70 아카이브 프린트,운동화
"<a class=""text-link"" data-category-name=""척 70"" data-id=""167811C"" data-name=""척 70 아카이브 프린트"" href=""/product/167811C"">척 70 아카이브 프린트</a>",척 70 아카이브 프린트,운동화
"<a class=""text-link"" data-category-name=""척 70"" data-id=""167812C"" data-name=""척 70 아카이브 프린트"" href=""/product/167812C"">척 70 아카이브 프린트</a>",척 70 아카이브 프린트,운동화
"<a class=""text-link"" data-category-name=""척 70"" data-id=""167862C"" data-name=""척 70 시즈널 캔버스"" href=""/product/167862C"">척 70 시즈널 캔버스</a>",척 70 시즈널 캔버스,운동화
"<a class=""text-link"" data-category-name=""척 70"" data-id=""167701C"" data-name=""척 70 시즈널 캔버스"" href=""/product/167701C"">척 70 시즈널 캔버스</a>",척 70 시즈널 캔버스,운동화
"<a class=""text-link"" data-category-name=""척 70"" data-id=""167703C"" data-name=""척 70 시즈널 캔버스"" href=""/product/167703C"">척 70 시즈널 캔버스</a>",척 70 시즈널 캔버스,운동화
"<a class=""text-link"" data-category-name=""척 70"" data-id=""167700C"" data-name=""척 70 시즈널 캔버스"" href=""/product/167700C"">척 70 시즈널 캔버스</a>",척 70 시즈널 캔버스,운동화
"<a class=""text-link"" data-category-name=""척 70"" data-id=""165024C"" data-name=""척 70 아카이브 프린트"" href=""/product/165024C"">척 70 아카이브 프린트</a>",척 70 아카이브 프린트,운동화
"<a class=""text-link"" data-category-name=""척테일러 올스타"" data-id=""164300C"" data-name=""척테일러 올스타 슬립"" href=""/product/164300C"">척테일러 올스타 슬립</a>",척테일러 올스타 슬립,운동화
"<a class=""text-link"" data-category-name=""척 70"" data-id=""163407C"" data-name=""척 70 아카이브 프린트"" href=""/product/163407C"">척 70 아카이브 프린트</a>",척 70 아카이브 프린트,운동화
"<a class=""text-link"" data-category-name=""척테일러 올스타"" data-id=""167643C"" data-name=""척테일러 올스타 리뉴 코튼"" href=""/product/167643C"">척테일러 올스타 리뉴 코튼</a>",척테일러 올스타 리뉴 코튼,운동화
"<a class=""text-link"" data-category-name=""척테일러 올스타"" data-id=""167646C"" data-name=""척테일러 올스타 리뉴 코튼"" href=""/product/167646C"">척테일러 올스타 리뉴 코튼</a>",척테일러 올스타 리뉴 코튼,운동화
"<a class=""text-link"" data-category-name=""척테일러 올스타"" data-id=""167647C"" data-name=""척테일러 올스타 리뉴 코튼"" href=""/product/167647C"">척테일러 올스타 리뉴 코튼</a>",척테일러 올스타 리뉴 코튼,운동화
"<a class=""text-link"" data-category-name=""척테일러 올스타"" data-id=""167644C"" data-name=""척테일러 올스타 리뉴 코튼"" href=""/product/167644C"">척테일러 올스타 리뉴 코튼</a>",척테일러 올스타 리뉴 코튼,운동화
"<a class=""text-link"" data-category-name=""척 70"" data-id=""167749C"" data-name=""척 70 리뉴 코튼"" href=""/product/167749C"">척 70 리뉴 코튼</a>",척 70 리뉴 코튼,운동화
"<a class=""text-link"" data-category-name=""원스타"" data-id=""167324C"" data-name=""원스타 한별"" href=""/product/167324C"">원스타 한별</a>",원스타 한별,운동화
"<a class=""text-link"" data-category-name=""잭퍼셀"" data-id=""164057C"" data-name=""잭퍼셀 클래식"" href=""/product/164057C"">잭퍼셀 클래식</a>",잭퍼셀 클래식,운동화
"<a class=""text-link"" data-category-name=""잭퍼셀"" data-id=""164056C"" data-name=""잭퍼셀 클래식"" href=""/product/164056C"">잭퍼셀 클래식</a>",잭퍼셀 클래식,운동화
"<a class=""text-link"" data-category-name=""척 70"" data-id=""162054C"" data-name=""척 70 빈티지 캔버스"" href=""/product/162054C"">척 70 빈티지 캔버스</a>",척 70 빈티지 캔버스,운동화
"<a class=""text-link"" data-category-name=""척 70"" data-id=""162063C"" data-name=""척 70 빈티지 캔버스"" href=""/product/162063C"">척 70 빈티지 캔버스</a>",척 70 빈티지 캔버스,운동화
"<a class=""text-link"" data-category-name=""척테일러 올스타"" data-id=""M9166C"" data-name=""척테일러 올스타 클래식"" href=""/product/M9166C"">척테일러 올스타 클래식</a>",척테일러 올스타 클래식,운동화
"<a class=""text-link"" data-category-name=""척테일러 올스타"" data-id=""M9696C"" data-name=""척테일러 올스타 클래식"" href=""/product/M9696C"">척테일러 올스타 클래식</a>",척테일러 올스타 클래식,운동화
"<a class=""text-link"" data-category-name=""원스타"" data-id=""165742C"" data-name=""원스타 한별"" href=""/product/165742C"">원스타 한별</a>",원스타 한별,운동화
"<a class=""text-link"" data-category-name=""원스타"" data-id=""165741C"" data-name=""원스타 한별"" href=""/product/165741C"">원스타 한별</a>",원스타 한별,운동화
"<a class=""text-link"" data-category-name=""잭퍼셀"" data-id=""164225C"" data-name=""잭퍼셀 클래식 레더"" href=""/product/164225C"">잭퍼셀 클래식 레더</a>",잭퍼셀 클래식 레더,운동화
"<a class=""text-link"" data-category-name=""잭퍼셀"" data-id=""164224C"" data-name=""잭퍼셀 클래식 레더"" href=""/product/164224C"">잭퍼셀 클래식 레더</a>",잭퍼셀 클래식 레더,운동화
"<a class=""text-link"" data-category-name=""척 70"" data-id=""164949C"" data-name=""척 70 빈티지 캔버스"" href=""/product/164949C"">척 70 빈티지 캔버스</a>",척 70 빈티지 캔버스,운동화
"<a class=""text-link"" data-category-name=""척 70"" data-id=""164944C"" data-name=""척 70 빈티지 캔버스"" href=""/product/164944C"">척 70 빈티지 캔버스</a>",척 70 빈티지 캔버스,운동화
"<a class=""text-link"" data-category-name=""원스타"" data-id=""161577C"" data-name=""원스타 프리미엄 스웨이드"" href=""/product/161577C"">원스타 프리미엄 스웨이드</a>",원스타 프리미엄 스웨이드,운동화
"<a class=""text-link"" data-category-name=""원스타"" data-id=""158369C"" data-name=""원스타 프리미엄 스웨이드"" href=""/product/158369C"">원스타 프리미엄 스웨이드</a>",원스타 프리미엄 스웨이드,운동화
"<a class=""text-link"" data-category-name=""척 70"" data-id=""162065C"" data-name=""척 70 빈티지 캔버스"" href=""/product/162065C"">척 70 빈티지 캔버스</a>",척 70 빈티지 캔버스,운동화
"<a class=""text-link"" data-category-name=""척 70"" data-id=""162056C"" data-name=""척 70 빈티지 캔버스"" href=""/product/162056C"">척 70 빈티지 캔버스</a>",척 70 빈티지 캔버스,운동화
"<a class=""text-link"" data-category-name=""척 70"" data-id=""162062C"" data-name=""척 70 클래식"" href=""/product/162062C"">척 70 클래식</a>",척 70 클래식,운동화
"<a class=""text-link"" data-category-name=""척 70"" data-id=""162053C"" data-name=""척 70 클래식"" href=""/product/162053C"">척 70 클래식</a>",척 70 클래식,운동화
"<a class=""text-link"" data-category-name=""척 70"" data-id=""162058C"" data-name=""척 70 클래식"" href=""/product/162058C"">척 70 클래식</a>",척 70 클래식,운동화
"<a class=""text-link"" data-category-name=""척 70"" data-id=""162050C"" data-name=""척 70 클래식"" href=""/product/162050C"">척 70 클래식</a>",척 70 클래식,운동화
"<a class=""text-link"" data-category-name=""척테일러 올스타"" data-id=""M5039C"" data-name=""척테일러 올스타 클래식"" href=""/product/M5039C"">척테일러 올스타 클래식</a>",척테일러 올스타 클래식,운동화
"<a class=""text-link"" data-category-name=""척테일러 올스타"" data-id=""M9697C"" data-name=""척테일러 올스타 클래식"" href=""/product/M9697C"">척테일러 올스타 클래식</a>",척테일러 올스타 클래식,운동화
"<a class=""text-link"" data-category-name=""척테일러 올스타"" data-id=""M7652C"" data-name=""척테일러 올스타 클래식"" href=""/product/M7652C"">척테일러 올스타 클래식</a>",척테일러 올스타 클래식,운동화
"<a class=""text-link"" data-category-name=""척테일러 올스타"" data-id=""M3310C"" data-name=""척테일러 올스타 클래식"" href=""/product/M3310C"">척테일러 올스타 클래식</a>",척테일러 올스타 클래식,운동화
"<a class=""text-link"" data-category-name=""척테일러 올스타"" data-id=""M9622C"" data-name=""척테일러 올스타 클래식"" href=""/product/M9622C"">척테일러 올스타 클래식</a>",척테일러 올스타 클래식,운동화
"<a class=""text-link"" data-category-name=""척테일러 올스타"" data-id=""M9621C"" data-name=""척테일러 올스타 클래식"" href=""/product/M9621C"">척테일러 올스타 클래식</a>",척테일러 올스타 클래식,운동화
"<a class=""text-link"" data-category-name=""척테일러 올스타"" data-id=""M7650C"" data-name=""척테일러 올스타 클래식"" href=""/product/M7650C"">척테일러 올스타 클래식</a>",척테일러 올스타 클래식,운동화
"<a class=""text-link"" data-category-name=""척테일러 올스타"" data-id=""M9160C"" data-name=""척테일러 올스타 클래식"" href=""/product/M9160C"">척테일러 올스타 클래식</a>",척테일러 올스타 클래식,운동화
