sandals-blairs-pink-25768976,블레어,샌들
sandals-fulci-black-westfield-25448001,플치,샌들
sandal-8092-mono-black-25518001,[30%할인]8092 모노,샌들
sandals-bradfield-brown-25459201,[윤승아착용]브레드필드,샌들
sandals-bradfield-black-25673001,브레드필드,샌들
womens-blaire-black-brando,블레어 (무광),샌들
sandel-gryphon-black-15695001,[이효리착용]그리폰,샌들
sandals-gryphon-black-25515001,그리폰 페이턴트,샌들
9015,아다이라,샌들
womens-sandals-clarissa-ii-black-patent-lamper,클라리사 (페이턴트),샌들
4211,블레어 (페이턴트),샌들
sandal-8092-mono-white-25736100,[30%할인]8092 모노,샌들
sandals-ryker-black-brando-24515001,라이커,샌들
sandals-nikolai-dark-brown-westfield,니콜라이,샌들
sandals-ryker-charro-brando,라이커,샌들
4092,테리,샌들
4091,[여진구착용]테리,샌들
4068,마일즈,샌들
sandel-myles-black-23523001,[비착용]마일즈,샌들
sandals-nartilla-black-hydro-leather-24641001,[이효리착용]나틸라,샌들
