shoes-1461-ziggy-black-26322001,1461 지기,슈즈
shoes-1461-ziggy-tan-26321220,1461 지기,슈즈
shoes-1461-smooth-green-26226300,1461 스무스,슈즈
3342,카벤디쉬,슈즈
shoes-1461-smooth-purpple-26331500,1461 스무스,슈즈
shoes-dante-patent-white-26142100,단테 페이턴트,슈즈
shoes-dante-patent-black-26136001,단테 페이턴트,슈즈
shoes-thurston-lo-black-26161001,서스턴 로우,슈즈
shoes-thurston-lo-red-26161001,서스턴 로우,슈즈
shoes-1461-navy-smooth-26226410,1461 스무스,슈즈
shoes-1461-bex-smooth-25951032,1461 DS,슈즈
shoes-1461-red-atlas-26246601,1461,슈즈
shoes-1461-grey-atlas-26246021,1461,슈즈
shoes-1461-mie-purple-26335500,MIE 1461,슈즈
shoes-1461-mie-green-26335370,MIE 1461,슈즈
shoes-1461-zip-red-tartan-26213615,1461 집,슈즈
shoes-1461-mono-black-14345001,[에코백]1461 모노,슈즈
shoes-adrian,아드리안,슈즈
1765,아드리안,슈즈
boots-1461-black-smooth,"[정해인,제니착용]1461 스무스 (유광)",슈즈
1352,1461 나파 (무광),슈즈
womens-shoes-patricia-iii-black-new-oily-illusion,패트리샤 III,슈즈
3603,단테,슈즈
2913,단테,슈즈
3835,에봇,슈즈
boots-1461-lace-shoe-gaucho-crazy-horse,1461 가우초,슈즈
4059,단테 집,슈즈
3850,1461 길리,슈즈
shoes-1461-bex-black-smooth,1461 벡스,슈즈
3587,3989,슈즈
shoes-1461-black-smooth-ws,1461 WS,슈즈
womes-shoes-1461-patent,1461 페이턴트,슈즈
1355,1461 스무스,슈즈
shoes-1461-alt-black-smooth-24634001,1461 알트,슈즈
mens-shoes-wilmot-low-black-wyoming,윌모트,슈즈
shoes-1461-quad-retro-25567001,1461 쿼드,슈즈
1395,빈티지 1461,슈즈
shoes-1461-pw-black-smooth,1461 PW,슈즈
shoes-1461-sr-black-industrial-full-grain,1461 SR,슈즈
shoes-1461-mie-3989-black-22853001,MIE 빈티지 3989,슈즈
shoes-1461-vegan-black-felix-14046001,1461 비건,슈즈
shoes-rhodes-shoe-25584001,로드 슈즈,슈즈
shoes-smiths-black-16056001,스미스,슈즈
shoes-cruise-black-16592001,코로나도,슈즈
shoes-1461-sxp-white-25928009,1461 SXP,슈즈
shoes-coronado-brown-16592201,코로나도,슈즈
shoes-wanama-black-25715001,1461 와나마,슈즈
4060,단테 집,슈즈
shoes-patricia-iii-dark-brown-new-oily-illusion,패트리샤 III,슈즈
