boots-1460-pascal-ziggy-black-26324001,1460 파스칼 지기,부츠
boots-1460-pascal-ziggy-tan-26323220,1460 파스칼 지기,부츠
boots-1460-pascal-grey-26243021,1460 파스칼,부츠
boots-core-1460-pascal-black-wanawma,1460 파스칼,부츠
boots-2976-sr-black-industrial-full-grain,2976 SR,부츠
boots-2976-red-26251601,2976,부츠
boots-2976-grey-26251021,2976,부츠
boots-1460-pascal-red-26243601,1460 파스칼,부츠
boots-2976-black-ws-smooth-26257001,2976 WS,부츠
boots-1460-zip-black-26103001,[인기]1460 짚,부츠
boots-1460-zip-green-26212758,1460 짚,부츠
boots-1460-pascal-bex-black-26206001,1460 파스칼 벡스,부츠
boots-jadon-black-26378001,[제시착용]제이든 III,부츠
boots-1460-pascal-black-26297001,1460 파스칼,부츠
boots-2976-bex-black-26205001,[인기]2976 벡스,부츠
boots-1460-smooth-navy-11822411,1460 스무스,부츠
boots-1460-nappa,[송민호착용]1460 나파 (무광),부츠
122,[BTS착용]1460 스무스 (유광),부츠
boots-2976-black-wanama-25719001,2976 와나마,부츠
boots-church-black-16054001,쳐치,부츠
boots-2976-mono-black-smooth,[BTS착용]2976 모노,부츠
boots-1460-bex-black-smooth,1460 벡스,부츠
1460-boots-cherryred-smooth-10072600,1460 스무스,부츠
boots-1460-harness-black-polished-smooth,1460 하네스,부츠
boots-kamin-lace-black-16707001,카민,부츠
boots-2976ys-black-smooth,2976 YS 첼시,부츠
3305,빈티지 1460,부츠
2648,2976 첼시(스무스),부츠
boots-1460-sr-black-industrial-full-grain,1460 SR,부츠
boots-1460-ws-black-smooth,1460 WS,부츠
8288,1460 크레이지호스,부츠
mens-boots-2976-black-snowplow,2976 첼시 스노우플로우,부츠
4222,[BTS착용]1460 프론트집,부츠
3272,1460 모노,부츠
2647,[인기]2976 첼시 스무스,부츠
2021,101,부츠
boots-jadon-black-15265001,[이효리착용]제이든,부츠
womens-boots-flora-2976-14649001,[김고은착용]플로라,부츠
boots-1460z-aztec-crazyhorse,[BTS착용]1460 크레이지호스,부츠
mens-boots-graeme-ii-black-polished-smooth,그레이엄 II,부츠
3352,뉴턴,부츠
mens-boots-1460-black-snowplow-wp,[방수기능]1460 WP,부츠
boots-1460-peppermint-green-smooth-26069983,1460 스무스,부츠
4297,윈콕스,부츠
1296,101,부츠
boots-1460-pascal-ziggy-black-26324001,1460 파스칼 지기,부츠
boots-1460-pascal-ziggy-tan-26323220,1460 파스칼 지기,부츠
boots-1460-pascal-grey-26243021,1460 파스칼,부츠
boots-core-1460-pascal-black-wanawma,1460 파스칼,부츠
boots-2976-sr-black-industrial-full-grain,2976 SR,부츠
boots-2976-red-26251601,2976,부츠
boots-2976-grey-26251021,2976,부츠
boots-1460-pascal-red-26243601,1460 파스칼,부츠
boots-2976-black-ws-smooth-26257001,2976 WS,부츠
boots-1460-zip-black-26103001,[인기]1460 짚,부츠
boots-1460-zip-green-26212758,1460 짚,부츠
boots-1460-pascal-bex-black-26206001,1460 파스칼 벡스,부츠
boots-jadon-black-26378001,[제시착용]제이든 III,부츠
boots-1460-pascal-black-26297001,1460 파스칼,부츠
boots-2976-bex-black-26205001,[인기]2976 벡스,부츠
boots-1460-smooth-navy-11822411,1460 스무스,부츠
boots-1460-nappa,[송민호착용]1460 나파 (무광),부츠
122,[BTS착용]1460 스무스 (유광),부츠
boots-2976-black-wanama-25719001,2976 와나마,부츠
boots-church-black-16054001,쳐치,부츠
boots-2976-mono-black-smooth,[BTS착용]2976 모노,부츠
boots-1460-bex-black-smooth,1460 벡스,부츠
1460-boots-cherryred-smooth-10072600,1460 스무스,부츠
boots-1460-harness-black-polished-smooth,1460 하네스,부츠
boots-kamin-lace-black-16707001,카민,부츠
boots-2976ys-black-smooth,2976 YS 첼시,부츠
3305,빈티지 1460,부츠
2648,2976 첼시(스무스),부츠
boots-1460-sr-black-industrial-full-grain,1460 SR,부츠
boots-1460-ws-black-smooth,1460 WS,부츠
8288,1460 크레이지호스,부츠
mens-boots-2976-black-snowplow,2976 첼시 스노우플로우,부츠
4222,[BTS착용]1460 프론트집,부츠
3272,1460 모노,부츠
2647,[인기]2976 첼시 스무스,부츠
2021,101,부츠
boots-jadon-black-15265001,[이효리착용]제이든,부츠
womens-boots-flora-2976-14649001,[김고은착용]플로라,부츠
boots-1460z-aztec-crazyhorse,[BTS착용]1460 크레이지호스,부츠
mens-boots-graeme-ii-black-polished-smooth,그레이엄 II,부츠
3352,뉴턴,부츠
mens-boots-1460-black-snowplow-wp,[방수기능]1460 WP,부츠
boots-1460-peppermint-green-smooth-26069983,1460 스무스,부츠
4297,윈콕스,부츠
1296,101,부츠
boots-1460-pascal-ziggy-black-26324001,1460 파스칼 지기,부츠
boots-1460-pascal-ziggy-tan-26323220,1460 파스칼 지기,부츠
boots-1460-pascal-grey-26243021,1460 파스칼,부츠
boots-core-1460-pascal-black-wanawma,1460 파스칼,부츠
boots-2976-sr-black-industrial-full-grain,2976 SR,부츠
boots-2976-red-26251601,2976,부츠
boots-2976-grey-26251021,2976,부츠
boots-1460-pascal-red-26243601,1460 파스칼,부츠
boots-2976-black-ws-smooth-26257001,2976 WS,부츠
boots-1460-zip-black-26103001,[인기]1460 짚,부츠
boots-1460-zip-green-26212758,1460 짚,부츠
boots-1460-pascal-bex-black-26206001,1460 파스칼 벡스,부츠
boots-jadon-black-26378001,[제시착용]제이든 III,부츠
boots-1460-pascal-black-26297001,1460 파스칼,부츠
boots-2976-bex-black-26205001,[인기]2976 벡스,부츠
boots-1460-smooth-navy-11822411,1460 스무스,부츠
boots-1460-nappa,[송민호착용]1460 나파 (무광),부츠
122,[BTS착용]1460 스무스 (유광),부츠
boots-2976-black-wanama-25719001,2976 와나마,부츠
boots-church-black-16054001,쳐치,부츠
boots-2976-mono-black-smooth,[BTS착용]2976 모노,부츠
boots-1460-bex-black-smooth,1460 벡스,부츠
1460-boots-cherryred-smooth-10072600,1460 스무스,부츠
boots-1460-harness-black-polished-smooth,1460 하네스,부츠
boots-kamin-lace-black-16707001,카민,부츠
boots-2976ys-black-smooth,2976 YS 첼시,부츠
3305,빈티지 1460,부츠
2648,2976 첼시(스무스),부츠
boots-1460-sr-black-industrial-full-grain,1460 SR,부츠
boots-1460-ws-black-smooth,1460 WS,부츠
8288,1460 크레이지호스,부츠
mens-boots-2976-black-snowplow,2976 첼시 스노우플로우,부츠
4222,[BTS착용]1460 프론트집,부츠
3272,1460 모노,부츠
2647,[인기]2976 첼시 스무스,부츠
2021,101,부츠
boots-jadon-black-15265001,[이효리착용]제이든,부츠
womens-boots-flora-2976-14649001,[김고은착용]플로라,부츠
boots-1460z-aztec-crazyhorse,[BTS착용]1460 크레이지호스,부츠
mens-boots-graeme-ii-black-polished-smooth,그레이엄 II,부츠
3352,뉴턴,부츠
mens-boots-1460-black-snowplow-wp,[방수기능]1460 WP,부츠
boots-1460-peppermint-green-smooth-26069983,1460 스무스,부츠
4297,윈콕스,부츠
1296,101,부츠
boots-jaden-mono-25310001,제이든 II 모노,부츠
boots-floraoblack-smooth-25965001,플로라 II,부츠
womens-boots-blake-lace-boot-black-buttero,블레이크,부츠
shoes-1460-yellow-smooth,1460 스무스,부츠
shoes-boots-1460-smooth-green-25909001,1460 스무스,부츠
boots-1460-smooth-white-11822100,1460 스무스,부츠
boots-2976-quad-black-polished-smooth,2976 쿼드,부츠
