9390,[사전예약]1490 버지니아,부츠
9387,[사전예약]1B99,부츠
9386,[사전예약]1B60,부츠
boots-1460-pascal-grey-26243021,1460 파스칼,부츠
boots-core-1460-pascal-black-wanawma,1460 파스칼,부츠
papade-clemency-black-wanama,클레멘시,부츠
boots-2976-sr-black-industrial-full-grain,2976 SR,부츠
boots-1460-pascal-black-25946032,1460 DS,부츠
boots-1460-pascal-red-26243601,1460 파스칼,부츠
boots-1460-black-acadia-26057040,1460 W,부츠
boots-2976-black-acadia-26056040,2976 아카디아,부츠
boots-2976-black-ws-smooth-26257001,2976 WS,부츠
boots-1460-zip-black-26103001,[인기]1460 짚,부츠
boots-1460-zip-green-26212758,1460 짚,부츠
boots-1460-pascal-white-26104115,1460 파스칼 하드웨어,부츠
boots-1460-pascal-bex-black-26206001,1460 파스칼 벡스,부츠
boots-jadon-black-26378001,[제시착용]제이든 III,부츠
boots-1460-pascal-black-26297001,1460 파스칼,부츠
boots-1490-bex-black-26202001,1490 벡스,부츠
boots-2976-bex-black-26205001,[인기]2976 벡스,부츠
boots-1460-hdw-black-26104001,1460 파스칼 하드웨어,부츠
boots-1460-smooth-navy-11822411,1460 스무스,부츠
boots-jadon-black-15265001,[이효리착용]제이든,부츠
core-1490-black-virgina,[마마무착용]1490 버지니아,부츠
womens-boots-flora-2976-14649001,[김고은착용]플로라,부츠
2647,[인기]2976 첼시 스무스,부츠
boots-1460-nappa,[송민호착용]1460 나파 (무광),부츠
womens-boots-blake-lace-boot-black-buttero,블레이크,부츠
boots-2976-mono-black-smooth,[BTS착용]2976 모노,부츠
122,[BTS착용]1460 스무스 (유광),부츠
3272,1460 모노,부츠
2021,101,부츠
1296,101,부츠
3352,뉴턴,부츠
boots-1460-bex-black-smooth,1460 벡스,부츠
boots-1460-virginia-13512006,[인기]1460 버지니아,부츠
4222,[BTS착용]1460 프론트집,부츠
8288,1460 크레이지호스,부츠
boots-2976ys-black-smooth,2976 YS 첼시,부츠
boots-1460-pascal-bw-optical-white-virginia,1460 파스칼 BW,부츠
boots-1460-ws-black-smooth,1460 WS,부츠
2648,2976 첼시(스무스),부츠
boots-jaden-hi-black-25565001,제이든 하이,부츠
boots-2976-leonore-black-wyoming-21045001,2976 레오노어,부츠
boots-quad-retro-max-jadon-buttero-25566001,"[보아,제시착용]제이든 맥스",부츠
9390,[사전예약]1490 버지니아,부츠
9387,[사전예약]1B99,부츠
9386,[사전예약]1B60,부츠
boots-1460-pascal-grey-26243021,1460 파스칼,부츠
boots-core-1460-pascal-black-wanawma,1460 파스칼,부츠
papade-clemency-black-wanama,클레멘시,부츠
boots-2976-sr-black-industrial-full-grain,2976 SR,부츠
boots-1460-pascal-black-25946032,1460 DS,부츠
boots-1460-pascal-red-26243601,1460 파스칼,부츠
boots-1460-black-acadia-26057040,1460 W,부츠
boots-2976-black-acadia-26056040,2976 아카디아,부츠
boots-2976-black-ws-smooth-26257001,2976 WS,부츠
boots-1460-zip-black-26103001,[인기]1460 짚,부츠
boots-1460-zip-green-26212758,1460 짚,부츠
boots-1460-pascal-white-26104115,1460 파스칼 하드웨어,부츠
boots-1460-pascal-bex-black-26206001,1460 파스칼 벡스,부츠
boots-jadon-black-26378001,[제시착용]제이든 III,부츠
boots-1460-pascal-black-26297001,1460 파스칼,부츠
boots-1490-bex-black-26202001,1490 벡스,부츠
boots-2976-bex-black-26205001,[인기]2976 벡스,부츠
boots-1460-hdw-black-26104001,1460 파스칼 하드웨어,부츠
boots-1460-smooth-navy-11822411,1460 스무스,부츠
boots-jadon-black-15265001,[이효리착용]제이든,부츠
core-1490-black-virgina,[마마무착용]1490 버지니아,부츠
womens-boots-flora-2976-14649001,[김고은착용]플로라,부츠
2647,[인기]2976 첼시 스무스,부츠
boots-1460-nappa,[송민호착용]1460 나파 (무광),부츠
womens-boots-blake-lace-boot-black-buttero,블레이크,부츠
boots-2976-mono-black-smooth,[BTS착용]2976 모노,부츠
122,[BTS착용]1460 스무스 (유광),부츠
3272,1460 모노,부츠
2021,101,부츠
1296,101,부츠
3352,뉴턴,부츠
boots-1460-bex-black-smooth,1460 벡스,부츠
boots-1460-virginia-13512006,[인기]1460 버지니아,부츠
4222,[BTS착용]1460 프론트집,부츠
8288,1460 크레이지호스,부츠
boots-2976ys-black-smooth,2976 YS 첼시,부츠
boots-1460-pascal-bw-optical-white-virginia,1460 파스칼 BW,부츠
boots-1460-ws-black-smooth,1460 WS,부츠
2648,2976 첼시(스무스),부츠
boots-jaden-hi-black-25565001,제이든 하이,부츠
boots-2976-leonore-black-wyoming-21045001,2976 레오노어,부츠
boots-quad-retro-max-jadon-buttero-25566001,"[보아,제시착용]제이든 맥스",부츠
9390,[사전예약]1490 버지니아,부츠
9387,[사전예약]1B99,부츠
9386,[사전예약]1B60,부츠
boots-1460-pascal-grey-26243021,1460 파스칼,부츠
boots-core-1460-pascal-black-wanawma,1460 파스칼,부츠
papade-clemency-black-wanama,클레멘시,부츠
boots-2976-sr-black-industrial-full-grain,2976 SR,부츠
boots-1460-pascal-black-25946032,1460 DS,부츠
boots-1460-pascal-red-26243601,1460 파스칼,부츠
boots-1460-black-acadia-26057040,1460 W,부츠
boots-2976-black-acadia-26056040,2976 아카디아,부츠
boots-2976-black-ws-smooth-26257001,2976 WS,부츠
boots-1460-zip-black-26103001,[인기]1460 짚,부츠
boots-1460-zip-green-26212758,1460 짚,부츠
boots-1460-pascal-white-26104115,1460 파스칼 하드웨어,부츠
boots-1460-pascal-bex-black-26206001,1460 파스칼 벡스,부츠
boots-jadon-black-26378001,[제시착용]제이든 III,부츠
boots-1460-pascal-black-26297001,1460 파스칼,부츠
boots-1490-bex-black-26202001,1490 벡스,부츠
boots-2976-bex-black-26205001,[인기]2976 벡스,부츠
boots-1460-hdw-black-26104001,1460 파스칼 하드웨어,부츠
boots-1460-smooth-navy-11822411,1460 스무스,부츠
boots-jadon-black-15265001,[이효리착용]제이든,부츠
core-1490-black-virgina,[마마무착용]1490 버지니아,부츠
womens-boots-flora-2976-14649001,[김고은착용]플로라,부츠
2647,[인기]2976 첼시 스무스,부츠
boots-1460-nappa,[송민호착용]1460 나파 (무광),부츠
womens-boots-blake-lace-boot-black-buttero,블레이크,부츠
boots-2976-mono-black-smooth,[BTS착용]2976 모노,부츠
122,[BTS착용]1460 스무스 (유광),부츠
3272,1460 모노,부츠
2021,101,부츠
1296,101,부츠
3352,뉴턴,부츠
boots-1460-bex-black-smooth,1460 벡스,부츠
boots-1460-virginia-13512006,[인기]1460 버지니아,부츠
4222,[BTS착용]1460 프론트집,부츠
8288,1460 크레이지호스,부츠
boots-2976ys-black-smooth,2976 YS 첼시,부츠
boots-1460-pascal-bw-optical-white-virginia,1460 파스칼 BW,부츠
boots-1460-ws-black-smooth,1460 WS,부츠
2648,2976 첼시(스무스),부츠
boots-jaden-hi-black-25565001,제이든 하이,부츠
boots-2976-leonore-black-wyoming-21045001,2976 레오노어,부츠
boots-quad-retro-max-jadon-buttero-25566001,"[보아,제시착용]제이든 맥스",부츠
boots-1460-harness-black-polished-smooth,1460 하네스,부츠
3305,빈티지 1460,부츠
boots-1460-sr-black-industrial-full-grain,1460 SR,부츠
1460-boots-cherryred-smooth-10072600,1460 스무스,부츠
womens-boots-2976-leonore-butterscotch-orleans,2976 레오노어,부츠
shoes-boots-1460-smooth-pink-25714653,1460 스무스,부츠
boots-1460-vegan-black-felix-14045001,1460 비건,부츠
boots-jadon-hi-stud-black-25761001,제이든 하이 스터드,부츠
shoes-1460-yellow-smooth,1460 스무스,부츠
shoes-boots-1460-smooth-green-25909001,1460 스무스,부츠
boots-church-black-16054001,쳐치,부츠
boots-2976-vegan-black-21456001,2976 비건,부츠
parade-cadence-blacj-wanama,카덴스,부츠
boots-2976-black-wanama-25719001,2976 와나마,부츠
boots-1460-smooth-orange-25714659,1460 스무스,부츠
boots-1460-peppermint-green-smooth-26069983,1460 스무스,부츠
boots-floraoblack-smooth-25965001,플로라 II,부츠
boots-jaden-mono-25310001,제이든 II 모노,부츠
boots-1460-smooth-white-11822100,1460 스무스,부츠
boots-2976-quad-black-polished-smooth,2976 쿼드,부츠
