FW2751, DMX 시리즈 3000,REEBOK CLASSIC/UNISEX
DV8337, 리복 로얄 글라이드,Reebok Classic/Unisex
DV8849, 리복 로얄 글라이드,Reebok Classic/Unisex
FW2750, 직 키네티카 호라이즌,Reebok Classic/Unisex
FW2752, EC 라이드,Unisex Swim
FW2751, 리복 컴포트 슬라이드 2.0,Unisex Swim
DV4908, 인스타펌프 퓨리 부스트,Unisex Classic/Unisex
DV3699, 이베이젼,Men's Swim
DV4908, DMX 시리즈 3000,Unisex Classic/Unisex
DV5194, 레거시 리프터 II,Men's Running
EH0413, 리프터 PR II,Unisex Running
EH0414, 리복 에너지럭스 드리프티움2,Unisex Runnig
EH0416, 리복 로얄 터보 임펄스 클린,Unisex Runnig
EH0667, 리복 로얄 터보 임펄스 클린,Reebok Classic/Unisex
FW5750, 리복 로얄 컴플리트 스포츠,Men's Running
FW5753, 리복 로얄 터보 임펄스 클린,Reebok Classic/Unisex
FW5754, 리복 로얄 컴플리트 스포츠,Unisex Running
DV5194, 리복 로얄 터보 임펄스 클린,Unisex Running
EH0416, 리복 로얄 컴플리트 스포츠,Unisex Running
DV5194, 리복 로얄 컴플리트 스포츠,Unisex Tennis
EH0413, 로얄 글라이드,Unisex Runnig
EH0414, EC 라이드,Unisex Runnig
EH0667, 릿지라이더 5 GTX,REEBOK CLASSIC/UNISEX
FW5750, CL 레더,Unisex Running
FW5753, 이베이젼,Men's Tennis
FW5754, EC 라이드,Reebok Classic/Unisex
EH0416, 로얄 글라이드,Men's Walking
FU7205, 리복 퀵체이스,Reebok Classic/Unisex
FU7207, 리복 퀵체이스,Unisex Running
FU7205, 리복 퀵체이스,Reebok Classic/Unisex
FU7207, 리복 퀵체이스,REEBOK CLASSIC/UNISEX
FU7205, 리복 퀵체이스,Reebok Classic/Unisex
FU7207, 리복 퀵체이스,Unisex Swim
FX3418, 리복 퀵체이스,Unisex Running
FX3419, 리복 퀵체이스,Unisex Running
FX3418, 리복-퓨지엄 런 라이트,Unisex Running
CN6480, 리복-퓨지엄 런 라이트,Reebok Classic/Unisex
CN6480, 샤크노시스,Unisex Running
FX3419, 펌프코트,Unisex Running
FX3418, 리복 로얄 글라이드,Unisex Running
FX3419, 리복-퓨지엄 런 라이트,Men's Walking
CN6750, 클래식 레더 레거시,Unisex Running
CN6750, 클래식 레더 레거시,Reebok Classic/Unisex
FY8776, 클래식 레더 레거시,Reebok Classic/Unisex
FY8776, 리복 로얄 퍼베이더,REEBOK CLASSIC/UNISEX
FW2061, 클래식 나일론,Men's Running
FW2062, 비트닉 X 플레져스,REEBOK CLASSIC/UNISEX
FW2063, 리복 나노 X,Unisex Running
FV8831, 클럽 C 85,Reebok Classic/Unisex
FV8821, 직 펄스 4.0,Men's Running
FV8829, 직 펄스 4.0,Unisex Runnig
FV8830, 직 펄스 4.0,Unisex Running
FV8831, 펌프코트,Men's Tennis
EF3283, 직 키네티카,Reebok Classic/Unisex
EF3283, 직 키네티카,Unisex Running
FW4555, 직 키네티카,Reebok Classic/Unisex
FW4556, 직 키네티카 호라이즌,Men's Running
FW4557, 직 키네티카 호라이즌,Men's Tennis
FW4558, 리복 프리미어,Unisex Running
FW4555, 리복 프리미어,Unisex Walking
FX2460, 리복 프리미어,Unisex Walking
FX2461, 리복 클래식 슬라이드,Women's Classic
FX2460, 서브라이트 트래인,Unisex Running
FX3359, 서브라이트 트래인,Unisex Running
FX3357, 퀘스천 미드 X 나이스 킥스,Unisex Running
FX3358, 인터벌 더블 로고,Unisex Running
FX3359, 인터벌 더블 로고,Unisex Running
FY7377, 인터벌 더블 로고,Men's Tennis
FY7379, 리복 나노 X,Reebok Classic/Unisex
FY7377, 직 일루전 에너지,Women's Classic
FV6083, 직 일루전 에너지,Unisex Running
FV6083, 클럽 C 85,Men's Walking
FX1390, 리복 클래식 슬라이드,Reebok Classic/Unisex
FX1390, 클럽 C 85,Men's Basketball
DV5658, 클럽 C 85,Men's Walking
DV5658, 리복 클래식 슬라이드,Unisex Running
FX3358, 클럽 C 85,Unisex Runnig
FX3357, 클럽 C 85,Reebok Classic/Unisex
FX3359, 인터벌 96 X 빌리스,Men's Running
FX3358, 엑스오핏 로우 클린,Unisex Running
FZ3898, 리퀴팩트 180 2.0 SPT AP,REEBOK CLASSIC/UNISEX
FZ3895, 리퀴팩트 90 AP,Unisex Running
FZ3899, 리퀴팩트 90 AP,Unisex Runnig
FZ3898, 직 키네티카 호라이즌,Unisex Running
FW6720, 직 일루전 에너지,Unisex Running
FW6717, 리복 클래식 슬라이드,Unisex Running
FW6718, 리복 클래식 슬라이드,Men's Tennis
FW6719, 릿지라이더 5.0,Men's Running
FW6720, 리복 DMX 트레일 쉐도우,Unisex Running
FW6717, 릿지라이더 5.0,Men's Tennis
FW6718, 퀘스천 로우,Unisex Running
FW6719, 클럽 C 85,Unisex Running
FW6720, 리복 로얄 퍼베이더,Reebok Classic/Unisex
FW6717, 클럽 C 리벤지,Men's Training
EG6306, 클럽 C 리벤지,Men's Training
EG6305, 리복 컴포트 슬라이드 2.0 ,Unisex Running
FX9051, 펌프코트,Reebok Classic/Unisex
EF8020, 퀘스천 로우,Reebok Classic/Unisex
EF8022, 직 펄스 4.0,Reebok Classic/Unisex
EF8023, 비트닉 X 플레져스,Unisex Running
FX9051, 리복 DMX 트레일 쉐도우,Unisex Running
EH0416, 릿지라이더 5.0,Unisex Running
DV5194, 리퀴팩트 90 AP,Unisex Running
EH0413, 리퀴팩트 180 2.0 SPT AP,Unisex Running
EH0414, 퀘스천 로우,Unisex Running
EH0667, 리퀴팩트 90 AP,Unisex Running
FW5750, 리복 플렉사곤 3.0,Men's Training
FW5753, 서브라이트 트래인,Men's Running
FW5754, 백 투 트레일,Reebok Classic/Unisex
EH0416, 듀얼 코트,Unisex Running
FW7799, 리복 나노 X,Reebok Classic/Unisex
FW7798, 서브라이트 트래인,Unisex Running
FW7799, 리복 나노 X,Unisex Running
FX2146, 리퀴팩트 180 스프링 AP,Reebok Classic/Unisex
FV5520, 백 투 트레일,Unisex Running
FV5521, 서브라이트 트래인,Unisex Running
FX2145, 인스타펌프 퓨리 OG NM,Unisex Running
FX2146, 클래식 레더 MU,Men's Running
FX2145, 리복 리고 펄스 2.0,Reebok Classic/Unisex
FV5520, 리복 리고 펄스 2.0,Men's Running
FV5521, 리복 리고 에센셜 2.0,Unisex Running
FX2146, 퓨리라이트 3,Unisex Running
FX2145, 리복-퓨지엄 런 라이트,Unisex Walking
FW1843, 퓨리라이트 샌들,Unisex Walking
FV7991, 리복-퓨지엄 런 라이트,Men's Training
FW1843, 인스타펌프 퓨리 OG NM,Men's Training
FV7988, 로얄 브릿지 3 SYN,Unisex Walking
FV2359, 엘렉트로 3D LT,Men's Running
FV7989, 리복 리고 에센셜 2.0,Men's Running
FV7988, 엘렉트로 3D LT,Men's Training
FV7991, 퀘스천 미드,Unisex Running
FW1843, 클럽 씨 85 MU,Unisex Running
FV7991, 직 키네티카,Unisex Walking
FV2359, 리복 서브라이트 프라임,Reebok Classic/Unisex
FV7988, 직 키네티카,Unisex Running
FV7989, 듀얼 코트,Unisex Running
FV2359, BT21 터보 임펄스 클린 COOKY,Unisex Running
FV7989, BT21 터보 임펄스 클린 MANG,Reebok Classic/Unisex
FV2359, 직 키네티카,Men's Training
FV7988, 듀얼 코트,Reebok Classic/Unisex
FV7989, 씨엘 레더,Unisex Running
EH3547, 리퀴펙트 180 SPT AP,Unisex Running
EF4081, 듀얼 코트,Unisex Running
EH3544, 엘렉트로 3D LT,Men's Training
EF7598, 퀘스천 미드,Reebok Classic/Unisex
EF7599, 클럽 씨 리벤지 MU,Men's Tennis
EF7598, 리퀴펙트 180 SPT AP,Men's Running
EF3091, 클럽 씨 리벤지 MU,Men's Tennis
EF3084, 리복 로얄 글라이드,Men's Running
EF3091, 리복 로얄 글라이드,Men's Running
FV2753, 리복 로얄 EC 라이드 4,Unisex Running
FV2752, 리복 로얄 테크티,Men's Tennis
FV2753, 리복 로얄 런피니쉬 2,Unisex Running
EF3084, 인터벌 96,Unisex Running
EF3091, 직 키네티카 컨셉_타입1,Unisex Running
EF3084, 샤크노시스,Reebok Classic/Unisex
EF7689, 리복 로얄 컴플리트3로우,Reebok Classic/Unisex
EF7688, 리복 로얄 컴플리트3로우,Reebok Classic/Unisex
EF7689, 리복 로얄 컴플리트3로우,Reebok Classic/Unisex
EF7688, 리복 로얄 글라이드 LX,Men's Running
EF7689, 리복 로얄 컴플리트3로우,Reebok Classic/Unisex
EF7688, 리복 로얄 글라이드 LX,Men's Running
EF7765, 리복 로얄 터보 임펄스,Unisex Running
EF7765, 직 키네티카 컨셉_타입1,Unisex Running
EF7811, CL 레더 리플 트래일,Men's Running
EF7811, 리복 로얄 터보 임펄스 클린,Unisex Runnig
EF7743, 리복 로얄 터보 임펄스 클린,Unisex Runnig
EF7743, CL 레더 리플 트래일,Men's Running
FV5472, 런_R 96 TR,Unisex Running
FV5472, 리복 로얄 터보 임펄스 클린,Unisex Runnig
EG8913, 런_R 96 TR,Unisex Running
EG8915, 인터벌 96,Reebok Classic/Unisex
EG8913, 인터벌 96,Reebok Classic/Unisex
EF3069, 인터벌 96,Unisex Running
EF3069, NPC UK,Reebok Classic/Unisex
EG2986, 인스타펌프 퓨리 OG MU-디 브라운,Reebok Classic/Unisex
EG2986, 인터벌 96,Reebok Classic/Unisex
EG9463, 인스타펌프 퓨리 OG MU,Reebok Classic/Unisex
DV6731, 리복 로얄 아도런,Unisex Running
DV8648, 피한런 4.0,Reebok Classic/Unisex
EG9462, 리복 로얄 컴플리트2 SE,Reebok Classic/Unisex
EG9464, 리복 로얄 컴플리트2 SE,Reebok Classic/Unisex
EG9463, 리복 로얄 컴플리트 벨크로,REEBOK CLASSIC/UNISEX
EG9464, 리복 로얄 컴플리트 벨크로,REEBOK CLASSIC/UNISEX
DV6731, 로얄 브릿지 3 SYN,Reebok Classic/Unisex
DV8648, 로얄 브릿지 3 SYN,Reebok Classic/Unisex
EG9462, 로얄 브릿지 3 SYN,Reebok Classic/Unisex
EG9463, 런_R 96,Unisex Running
EG9464, 리복 클래식 슬라이드 ,Reebok Classic/Unisex
EF7653, 리복 로얄 컴플리트 2L CS,Reebok Classic/Unisex
EF7659, 씨엘 레더,Men's Running
EF7653, 클럽 씨 85,Men's Tennis
FW5220, BT21 터보 임펄스 클린 SHOOKY,Unisex Running
FW5215, BT21 터보 임펄스 클린 MANG,Unisex Running
FW5216, BT21 터보 임펄스 클린 COOKY,Unisex Running
FW5217, 클럽 씨 리벤지 MU,Men's Tennis
FW5218, 클럽 씨 리벤지 MU,Men's Tennis
FW5219, 리퀴펙트 180 SPT AP,Men's Running
FW5221, 엘렉트로 3D LT,Reebok Classic/Unisex
FW5220, 리퀴펙트 180 SPT AP,Men's Running
FW5221, 엘렉트로 3D LT,Women's Classic
FW5215, 엘렉트로 3D LT,Women's Classic
FW5216, 엘렉트로 3D LT,Reebok Classic/Unisex
FW5217, 리복 로얄 글라이드 LX,Men's Running
FW5218, 리복 인터럽티드 솔,Men's Running
FW5219, 리복 로얄 컴플리트3로우,Reebok Classic/Unisex
FW5220, 리복 로얄 글라이드 LX,Men's Running
FW5221, 리복 로얄 EC 라이드 4,Unisex Running
FW5218, 클럽 씨 85,Men's Tennis
FW5215, 리복 로얄 글라이드,Men's Running
FW5216, 리복 로얄 글라이드,Men's Running
FW5217, 인터벌 96,Unisex Running
FW5219, 샤크노시스,Reebok Classic/Unisex
FW5220, 릿지라이더 5 GTX,Men's Walking
FW5221, 리복 로얄 테크티,Men's Tennis
FW5218, 클럽 씨 85,Men's Tennis
EF3084, 클럽 씨 1985 티브이,Reebok Classic/Unisex
EF3091, 리복 로얄 런피니쉬 2,Unisex Running
EF3084, 리복 로얄 터보 임펄스,Unisex Running
EF3091, 리복 로얄 아도런,Unisex Running
EF3084, 리복 로얄 컴플리트 CLN,Men's Tennis
EF3091, 릿지라이더 5.0,Men's Walking
FV2753, 릿지라이더 5.0,Men's Walking
FV2752, 직 키네티카 컨셉_타입1,Unisex Running
FV2753, 씨엘 레더 MU,Men's Running
EG6226, 리복 로얄 컴플리트3로우,Reebok Classic/Unisex
EG6227, 리복 로얄 컴플리트3로우,Reebok Classic/Unisex
EG6226, 리복 로얄 컴플리트3로우,Reebok Classic/Unisex
FV2752, DMX PERT,Unisex Running
FV2753, DMX PERT,Unisex Running
FV2752, DMX PERT,Unisex Running
EG6304, 직 키네티카 컨셉_타입1,Unisex Running
EG8310, 인터벌 96,Unisex Running
EG6304, 로얄 브릿지 3.0,REEBOK CLASSIC/UNISEX
EG6306, 리복 로얄 컴플리트 벨크로,REEBOK CLASSIC/UNISEX
EG6305, 리복 로얄 컴플리트 벨크로,REEBOK CLASSIC/UNISEX
EG6306, 로얄 브릿지 3.0,REEBOK CLASSIC/UNISEX
EG6224, 로얄 브릿지 3.0,REEBOK CLASSIC/UNISEX
EG6224, 리복 로얄 컴플리트 벨크로,REEBOK CLASSIC/UNISEX
EF7659, 리복 로얄 컴플리트 벨크로,REEBOK CLASSIC/UNISEX
EF8639, 런_R 96 TR,Unisex Running
EF8636, 런_R 96 TR,Unisex Running
EF8639, 리복 로얄 컴플리트2 SE,Reebok Classic/Unisex
EF8636, 리복 로얄 컴플리트2 SE,Reebok Classic/Unisex
EF8639, 엘렉트로 3D 97,Unisex Running
EF8636, 엘렉트로 3D 97,Unisex Running
FU7846, 리복 로얄 컴플리트 3로우,Reebok Classic/Unisex
FU7845, GL 6000 OG,Unisex Running
FU7846, 인스타펌프 퓨리 OG MU-디 브라운,Reebok Classic/Unisex
FU7845, 인스타펌프 퓨리 OG MU,Reebok Classic/Unisex
FU7846, DMX 시리즈 2200 ,Unisex Running
FU7845, DMX 시리즈 2200 ,Unisex Running
DV8227, 엘렉트로 3D 97,Unisex Running
DV8653, 씨엘 레더 MU,Men's Running
DV8227, 엘렉트로 3D 97,Unisex Running
DV8653, 리복 로얄 런 피니쉬,Unisex Running
DV8227, 리복 로얄 브릿지 3,Reebok Classic/Unisex
DV8653, GL 6000 OG,Unisex Running
DV6731, NPC UK,Reebok Classic/Unisex
DV8648, 아즈트렉 더블믹스 이시즈,Reebok Classic/Unisex
EG9462, 인터벌 96,Reebok Classic/Unisex
EG9463, 인터벌 96,Reebok Classic/Unisex
EG9464, 인터벌 96,Reebok Classic/Unisex
DV6731, 인터벌 96,Reebok Classic/Unisex
DV7362, 리복 로얄 런 피니쉬,Unisex Running
DV7361, CL 레더 리플 트래일,Men's Running
DV7362, 아즈트렉 96 ,Reebok Classic/Unisex
EH1785, CL 레더 리플 트래일,Men's Running
FU9113, 인스타 퓨리 OG MU,Unisex Running
EH1785, 아즈트렉 96 ,Reebok Classic/Unisex
FU9113, DMX 시리즈 1000,Reebok Classic/Unisex
EH1785, DMX 시리즈 1000,Reebok Classic/Unisex
FU9113, 아반트 가드,Reebok Classic/Unisex
DV9723, 인스타 퓨리 OG MU,Reebok Classic/Unisex
DV9724, 피한런 4.0,Reebok Classic/Unisex
DV9723, 피한런 4.0,Reebok Classic/Unisex
DV9724, 리복 에너지럭스,Men's Running
DV9723, 인스타 퓨리 OG MU,REEBOK CLASSIC/UNISEX
DV9724, 인스타 퓨리 OG MU,Reebok Classic/Unisex
DV8663, 리복 로얄 런 피니쉬,Reebok Classic/Unisex
DV8660, 클래식 슬라이드,Reebok Classic/Unisex
DV8663, 리복 로얄 컴플리트 3로우,Reebok Classic/Unisex
DV8632, 리복 서브라이트 레전드,Men's Running
DV8629, 리복 EXPCE,Men's Swim
DV8632, 리복 클래식 슬라이드 ,Reebok Classic/Unisex
DV8660, 리복 클래식 슬라이드 ,Reebok Classic/Unisex
DV8663, 로얄 브릿지 3 SYN,Reebok Classic/Unisex
DV8660, 로얄 브릿지 3 SYN,Reebok Classic/Unisex
DV8663, 로얄 브릿지 3 SYN,Unisex Running
DV8660, 로얄 브릿지 3.0,Unisex Running
DV8663, 리복로얄 컴플리트 벨크로 ,Unisex Running
DV7361, 리복 로얄 컴플리트 2L CS,Unisex Running
DV7362, 씨엘 레더,Unisex Running
DV7361, 인스타펌프 퓨리 OG,Unisex Running
DV7362, 인스타펌프 퓨리 OG,Unisex Running
