FW2751, 포에버 플로트라이드 에너지 2 RFT,Women's Running
DV8337, DMX 시리즈 3000,Reebok Classic/Unisex
DV8849, 직 키네티카 호라이즌,Unisex Running
FW2750, 리복 리에고 에센셜 2.0,Women's Training
FW2752, 직 키네티카 호라이즌,Women's Running
FW2751, EC 라이드,Unisex Running
DV4908, 인스타펌프 퓨리 부스트,Unisex Running
DV3699, 이베이젼,Unisex Running
DV4908, DMX 시리즈 3000,Unisex Running
DV5194, 리복 러너 4.0,Women's Running
EH0413, EC 라이드,Unisex Running
EH0414, 이베이젼,Unisex Running
EH0416, EC 라이드,Unisex Running
EH0667, 리복 로얄 글라이드,Women's Running
FW5750, 리복-퓨지엄 런 라이트,Unisex Running
FW5753, 리복-퓨지엄 런 라이트,Unisex Running
FW5754, 샤크노시스,Reebok Classic/Unisex
DV5194, 펌프코트,Unisex Running
EH0416, 리복-퓨지엄 런 라이트,Women's Running
DV5194, 리복-퓨지엄 런 라이트,Unisex Running
EH0413, 리복-퓨지엄 런 라이트,Women's Running
EH0414, 클래식 레더 레거시,Reebok Classic/Unisex
EH0667, 클래식 레더 레거시,Reebok Classic/Unisex
FW5750, 클래식 레더 레거시,Reebok Classic/Unisex
FW5753, 리복 로얄 퍼베이더,Unisex Running
FW5754, 리퀴팩트 180 2.0 SPT AP,Women's Running
EH0416, 직 펄스 4.0,Unisex Running
FX3418, 직 펄스 4.0,Unisex Running
FX3419, 직 펄스 4.0,Unisex Running
FX3418, 펌프코트,Unisex Running
FX1165, 직 키네티카,Unisex Running
FX1163, 직 키네티카,Unisex Running
FX1164, 직 키네티카,Unisex Running
FX1165, 리퀴팩트 180 2.0 SPT AP,Women's Running
FX1163, DMX 라이트 슬립온,Women's Walking
FX1164, DMX 라이트 슬립온,Women's Walking
FX1165, DMX 라이트 슬립온,Women's Walking
FX1163, DMX 라이트 슬립온,Women's Walking
FX3419, 직 키네티카 호라이즌,Unisex Running
FX3418, 직 키네티카 호라이즌,Unisex Running
FX3419, 직 키네티카 호라이즌,Women's Running
FY8776, 리복 프리미어,Unisex Running
FY8776, 리복 프리미어,Unisex Running
FY7429, 리복 프리미어,Unisex Running
FY7429, 릿지라이더 5 GTX,Women's Walking
DV6174, 리퀴팩트 180 스프링 AP,Women's Running
DV6174, 릿지라이더 5 GTX,Women's Walking
FY7379, 인터벌 더블 로고,Unisex Running
EG6304, 엘렉트로 3D LT,Women's Classic
EG8310, 솔 퓨리,Unisex Running
EG6304, 퓨리라이트 3,Unisex Running
FW0569, 리복 로얄 런 피니쉬,Unisex Running
FW0569, 리복 로얄 퍼베이더,Unisex Running
FU9294, 직 일루전 에너지,Unisex Running
FU9293, 직 키네티카 호라이즌,Unisex Running
FU9294, DMX 라이트 슬립온,Women's Walking
DV8774, 로얄 브릿지 3.0,REEBOK CLASSIC/UNISEX
DV8772, 리복 로얄 글라이드,Women's Running
DV8777, 리복 퀵 모션,Women's Running
DV8774, 리복-퓨지엄 런 라이트,Unisex Running
FW6713, 리복 프리미어,Unisex Running
FV0315, 클럽 C 85,Reebok Classic/Unisex
FW6713, 직 키네티카,Unisex Running
FV3842, 이베이젼,Unisex Running
FV3840, 펌프코트,Unisex Running
FV3841, 클럽 C 85 뮬,Women's Tennis
FV3842, 펌프 코트,Unisex Running
FZ4632, 직 펄스 4.0,Unisex Running
FW5302, 리복 DMX 트레일 쉐도우,Unisex Running
FW5303, 릿지라이더 5 GTX,Women's Walking
FZ4632, 리퀴팩트 90 AP,Women's Running
FZ0295, 리퀴팩트 90 AP,Women's Running
FZ0296, 듀얼 코트,Reebok Classic/Unisex
FZ0297, 리복-퓨지엄 런 라이트,Women's Running
FZ0298, 서브라이트 트래인,Women's Training
FZ0295, 리복 나노 X,Women's Training
FW2752, 서브라이트 트래인,Women's Training
DV8337, 코트 더블 믹스,Women's Tennis
DV8849, 백 투 트레일,Unisex Walking
FW2750, 백 투 트레일,Unisex Walking
FW2751, 리복-퓨지엄 런 라이트,Unisex Running
FW2752, 퓨리라이트 샌들,Unisex Running
EG9488, 씨엘 레더,Women's Running
EG9488, 리복-퓨지엄 런 라이트,Unisex Running
DV6178, 리복 리고 에센셜 2.0,Women's Training
DV6178, DMX 시리즈 2200,Women's Running
FU8186, 리퀴팩트 180 스프링 AP,Women's Running
FV3805, 인스타펌프 퓨리 OG NM,Unisex Running
FV3807, 리스트롤 DMX 라이트,Women's Walking
FU8186, 엘렉트로 3D LT,Reebok Classic/Unisex
FV7988, 포에버 플로트라이드 에너지 2,Women's Running
FV2359, 리복 클라우드라이드 DMX 5.0,Women's Walking
FV7989, 퓨리라이트 3,Unisex Running
FV7988, 인스타펌프 퓨리 OG NM,Unisex Running
FX3433, 엘렉트로 3D LT,Unisex Running
FX3874, 리퀴팩트 180 스프링 AP,Women's Running
FX2461, 아즈트렉 96,Women's Running
FX2460, 리복 클라우드라이드 DMX 5.0,Women's Walking
FX2461, 리복 클라우드라이드 DMX 5.0,Women's Walking
FW6719, 리스트롤 DMX 라이트,Women's Walking
FW6717, 직 키네티카,Unisex Running
FW6718, 직 키네티카,Unisex Running
FW6720, 아즈트렉 더블 믹스,Women's Running
FW6719, BT21 터보 임펄스 클린 COOKY,Unisex Running
FW6720, BT21 터보 임펄스 클린 MANG,Unisex Running
FW6717, 직 키네티카,Unisex Running
FW6718, 듀얼 코트,Reebok Classic/Unisex
FW6719, 엘렉트로 3D LT,Reebok Classic/Unisex
FW6720, 리퀴펙트 180 SPT AP,Women's Running
EF7533, 아다라 2.0,Women's Walking
FV6766, 코트 더블 믹스,Women's Tennis
EF7533, 리복 로얄 글라이드,Women's Running
FW6717, 리복 로얄 EC 라이드 4,Unisex Running
FW6718, 리복 로얄 글라이드,Women's Running
FW6719, 리복 로얄 테크티,Women's Tennis
FW6720, 인터벌 96,Unisex Running
FW6717, 엘렉트로 3D LT,Women's Classic
FV2756, 리복 로얄 런피니쉬 2,Unisex Running
FV2757, 리복 로얄 테크티,Women's Tennis
FW4850, 리퀴펙트 180 LS AP,Women's Running
FW4851, 직 키네티카 컨셉_타입1,Unisex Running
FV2756, 릿지라이더 5.0,Women's Walking
FV2757, 릿지라이더 5 GTX,Women's Walking
FV2756, 릿지라이더 5.0,Women's Walking
FW4850, 리퀴펙트 180 LS AP,Women's Running
FW4851, 리복 로얄 터보 임펄스,Unisex Running
FV2757, 릿지라이더 5 GTX,Women's Walking
FU9294, 샤크노시스,Reebok Classic/Unisex
FU9293, 리복 로얄 글라이드 리플CLP,Women's Running
FU9294, 직 키네티카 컨셉_타입1,Unisex Running
FX1128, 런_R 96 TR,Unisex Running
FX1125, 런_R 96 TR,Unisex Running
FX1127, 인스타펌프 퓨리 OG MU,Reebok Classic/Unisex
FX1129, NPC UK,Reebok Classic/Unisex
FX1128, 인터벌 96,Reebok Classic/Unisex
FW6718, 인터벌 96,Reebok Classic/Unisex
FW6717, 인스타펌프 퓨리 OG MU-디 브라운,Reebok Classic/Unisex
FW6719, 인터벌 96,Unisex Running
FW6720, 인터벌 96,Reebok Classic/Unisex
FW6718, 리복 로얄 아도런,Unisex Running
FX1127, 리복 로얄 컴플리트2 SE,Reebok Classic/Unisex
FX1125, 리복 로얄 컴플리트 벨크로,REEBOK CLASSIC/UNISEX
FX1128, 리복 로얄 컴플리트 벨크로,REEBOK CLASSIC/UNISEX
FX1129, 리복 로얄 컴플리트2 SE,Reebok Classic/Unisex
49801, 씨엘 레더,Women's Running
49801, 아즈트렉 더블 믹스,Women's Running
EF4565, 듀얼 코트,Reebok Classic/Unisex
EF4565, 직 키네티카,Unisex Running
EG6019, 직 키네티카,Unisex Running
EG6019, 직 키네티카,Unisex Running
FV3858, 직 키네티카,Unisex Running
FV3859, 솔 퓨리,Unisex Running
FV3861, 듀얼 코트,Reebok Classic/Unisex
FV3858, 직 키네티카,Unisex Running
FV3859, 직 키네티카,Unisex Running
FV3858, 런_R 96,Unisex Running
FV3861, BT21 터보 임펄스 클린 KOYA,Unisex Running
FV3859, BT21 터보 임펄스 클린 TATA,Unisex Running
FW7912, BT21 터보 임펄스 클린 CHIMMY,Unisex Running
EH1724, BT21 터보 임펄스 클린 SHOOKY,Unisex Running
FW7912, BT21 터보 임펄스 클린 RJ,Unisex Running
FV3861, 클럽 C 85,Reebok Classic/Unisex
FV3858, BT21 터보 임펄스 클린 MANG,Unisex Running
FV3859, BT21 터보 임펄스 클린 COOKY,Unisex Running
FV3861, 리복 리커젼,Women's Walking
FW0569, 리복 리커젼,Women's Walking
FW0569, 아다라 2.0,Women's Walking
EG6016, 엘렉트로 3D LT,Reebok Classic/Unisex
EG6016, 리복 로얄 글라이드,Women's Running
EH1722, 릿지라이더 5 GTX,Women's Walking
EH1722, 리퀴펙트 180 SPT AP,Women's Running
EH1724, 엘렉트로 3D LT,Women's Classic
FW7912, 엘렉트로 3D LT,Women's Classic
EH1724, 엘렉트로 3D LT,Women's Classic
DV5203, 엘렉트로 3D LT,Reebok Classic/Unisex
DV5203, 리복 로얄 글라이드 리플CLP,Women's Running
FW5219, 리복 로얄 EC 라이드 4,Unisex Running
FW5215, 코트 더블 믹스,Women's Tennis
FW5216, 리복 로얄 글라이드,Women's Running
FW5217, 샤크노시스,Reebok Classic/Unisex
FW5218, 인터벌 96,Unisex Running
FW5220, 릿지라이더 5 GTX,Women's Walking
FW5221, 리복 로얄 테크티,Women's Tennis
FW5219, 리복 로얄 테크티,Women's Tennis
FW5215, 리복 로얄 런피니쉬 2,Unisex Running
FW5216, 리복 로얄 터보 임펄스,Unisex Running
FW5217, 리복 로얄 아도런,Unisex Running
FW5218, 릿지라이더 5.0,Women's Walking
FW5219, 릿지라이더 5.0,Women's Walking
FW5220, 직 키네티카 컨셉_타입1,Unisex Running
FW5221, 리퀴펙트 180 LS AP,Women's Running
FW5215, 리퀴펙트 180 LS AP,Women's Running
FX2145, DMX PERT,Unisex Running
FV5520, DMX PERT,Unisex Running
FV5521, DMX PERT,Unisex Running
FX2146, 직 키네티카 컨셉_타입1,Unisex Running
FX2145, 인터벌 96,Women's Running
FW5294, 로얄 브릿지 3.0,Reebok Classic/Unisex
FW5294, 리복 로얄 컴플리트 벨크로,Women's Running
FX1128, 로얄 브릿지 3.0,Reebok Classic/Unisex
FX1125, 리복 로얄 컴플리트 벨크로,Unisex Running
FX1127, 로얄 브릿지 3.0,Women's Walking
FX1129, 리복 로얄 컴플리트 벨크로,Unisex Running
FX1128, 리복 로얄 컴플리트 벨크로,Reebok Classic/Unisex
FY0946, 런_R 96 TR,Reebok Classic/Unisex
FY0948, 런_R 96 TR,Women's Tennis
FY1299, 리복 로얄 컴플리트2 SE,Women's Running
FY0946, 리복 로얄 컴플리트2 SE,Women's Running
FU9433, 엘렉트로 3D 97,Unisex Running
FV6223, 엘렉트로 3D 97,Unisex Running
FU9433, 리복 로얄 컴플리트 3로우,Women's Running
FY0835, GL 6000 OG,Unisex Running
FX7975, 인스타펌프 퓨리 OG MU,Reebok Classic/Unisex
FY0835, 인스타펌프 퓨리 OG MU-디 브라운,Reebok Classic/Unisex
FV6223, DMX 시리즈 2200 ,Reebok Classic/Unisex
FU9433, DMX 시리즈 2200 ,Reebok Classic/Unisex
FV6223, 리복 나노 9,Reebok Classic/Unisex
DV7249, 엘렉트로 3D 97,Unisex Running
DV7246, 엘렉트로 3D 97,Women's Walking
DV7249, 리복 로얄 런 피니쉬,Unisex Running
DV8663, 리복 로얄 브릿지 3,Unisex Running
DV8660, 리복 퀵 모션,Reebok Classic/Unisex
DV8663, GL 6000 OG,Reebok Classic/Unisex
FU8521, NPC UK,Unisex Running
EF4128, 아즈트렉 더블믹스 이시즈,Reebok Classic/Unisex
EF4129, 인터벌 96,Reebok Classic/Unisex
FU8522, 인터벌 96,Women's Training
FU8521, 인터벌 96,Unisex Running
FV7986, 인터벌 96,Unisex Running
FV2358, 리복 로얄 런 피니쉬,Unisex Running
FV7987, 아즈트렉 96 ,Women's Walking
FV7986, 인스타 퓨리 OG MU,Unisex Running
DV8746, 아즈트렉 96 ,Unisex Running
DV8748, DMX 시리즈 1000,Unisex Running
DV8746, DMX 시리즈 1000,Unisex Running
DV8849, 아반트 가드,Women's Running
DV8337, 아스트로라이드 슬립 온,Unisex Running
FW2750, 클래식 슬라이드,Reebok Classic/Unisex
FW2751, 리복 클래식 슬라이드 ,Women's Walking
FW2752, 리복 클래식 슬라이드 ,Unisex Running
EF8023, 리복 리커젼,Reebok Classic/Unisex
EF8020, 리퀴팩트 180 스프링 AP,Reebok Classic/Unisex
EF8022, EC 라이드,Unisex Running
FX9051, 인터벌 96,Reebok Classic/Unisex
EF8023, 인터벌 96 X 빌리스,Reebok Classic/Unisex
EF8020, 리복 러너 4.0,Men's Running
EF8022, 직 일루전 에너지,Reebok Classic/Unisex
EF8023, 리복 프리미어,REEBOK CLASSIC /Unisex
