28950,호프만 패브릭 애너하임 Era 에라 95 DX,운동화
29278,애너하임 Old Skool 올드스쿨 36 DX,운동화
28931,반스 블럭 볼드 엔아이,운동화
28932,반스 블럭 볼드 엔아이,운동화
29433,런더리 볼드 엔아이 믹스,운동화
29396,SK8-Hi 스케이트-하이 고어-텍스,운동화
29397,SK8-Hi 스케이트-하이 고어-텍스,운동화
29398,SK8-Mid 스케이트-미드 고어-텍스,운동화
29399,SK8-Mid 스케이트-미드 고어-텍스,운동화
29400,피그 스웨이드 Authentic 어센틱,운동화
29401,피그 스웨이드 Authentic 어센틱,운동화
29402,피그 스웨이드 SK8-Hi 스케이트-하이,운동화
29403,피그 스웨이드 SK8-Hi 스케이트-하이,운동화
29404,피그 스웨이드 SK8-Hi 스케이트-하이,운동화
29405,피그 스웨이드 SK8-Hi 스케이트-하이,운동화
29406,피그 스웨이드 Old Skool 올드스쿨,운동화
29407,피그 스웨이드 Old Skool 올드스쿨,운동화
29408,피그 스웨이드 Old Skool 올드스쿨,운동화
29409,피그 스웨이드 Old Skool 올드스쿨,운동화
29330,66 서플라이 울트라레인지 EXO SE,운동화
29081,울트라레인지 EXO,운동화
29270,레트로 스포츠 SK8-Mid 스케이트-미드,운동화
29271,레트로 스포츠 SK8-Mid 스케이트-미드,운동화
29272,레트로 스포츠 SK8-Mid 스케이트-미드,운동화
29273,레트로 스포츠 반스 스포츠,운동화
28950,호프만 패브릭 애너하임 Era 에라 95 DX,운동화
29278,애너하임 Old Skool 올드스쿨 36 DX,운동화
28931,반스 블럭 볼드 엔아이,운동화
28932,반스 블럭 볼드 엔아이,운동화
29433,런더리 볼드 엔아이 믹스,운동화
29396,SK8-Hi 스케이트-하이 고어-텍스,운동화
29397,SK8-Hi 스케이트-하이 고어-텍스,운동화
29398,SK8-Mid 스케이트-미드 고어-텍스,운동화
29399,SK8-Mid 스케이트-미드 고어-텍스,운동화
29400,피그 스웨이드 Authentic 어센틱,운동화
29401,피그 스웨이드 Authentic 어센틱,운동화
29402,피그 스웨이드 SK8-Hi 스케이트-하이,운동화
29403,피그 스웨이드 SK8-Hi 스케이트-하이,운동화
29404,피그 스웨이드 SK8-Hi 스케이트-하이,운동화
29405,피그 스웨이드 SK8-Hi 스케이트-하이,운동화
29406,피그 스웨이드 Old Skool 올드스쿨,운동화
29407,피그 스웨이드 Old Skool 올드스쿨,운동화
29408,피그 스웨이드 Old Skool 올드스쿨,운동화
29409,피그 스웨이드 Old Skool 올드스쿨,운동화
29330,66 서플라이 울트라레인지 EXO SE,운동화
29081,울트라레인지 EXO,운동화
29270,레트로 스포츠 SK8-Mid 스케이트-미드,운동화
29271,레트로 스포츠 SK8-Mid 스케이트-미드,운동화
29272,레트로 스포츠 SK8-Mid 스케이트-미드,운동화
29273,레트로 스포츠 반스 스포츠,운동화
29274,레트로 스포츠 반스 스포츠,운동화
29275,레트로 스포츠 반스 스포츠,운동화
29022,Old Skool 올드스쿨 CAP,운동화
29025,Old Skool 올드스쿨 CAP,운동화
29027,스테이플 에이서 엔아이 SP,운동화
29029,스테이플 에이서 엔아이 SP,운동화
29233,Vans X Shake Junt Slip-on 슬립온 프로,운동화
29234,Vans X Shake Junt Era 에라 프로,운동화
29235,Vans X Shake Junt 올드스쿨 Old Skool 프로,운동화
29236,Vans X Shake Junt 카일 프로 2,운동화
29155,Vans X 더 심슨 Era 에라,운동화
29156,Vans X 더 심슨 컴피쿠시 슬립온 ComfyCush Slip-on,운동화
29157,Vans X 더 심슨 Old Skool 올드스쿨,운동화
29158,Vans X 더 심슨 Old Skool 올드스쿨,운동화
29159,Vans X 더 심슨 SK8-Low 스케이트-로우,운동화
29160,Vans X 더 심슨 SK8-Hi 스케이트-하이,운동화
29162,Vans X 더 심슨 SK8-Hi 스케이트-하이 MTE 2.0 DX,운동화
29163,Vans X 더 심슨 추카 프로 바트,운동화
29164,Vans X 더 심슨 Slip-on 슬립온 프로,운동화
29065,애너하임 Era 에라 95 DX,운동화
29066,애너하임 Era 에라 95 DX,운동화
28929,반스 블럭 컴피쿠시 슬립-스쿨 ComfyCush Slip-Skool,운동화
28930,반스 블럭 컴피쿠시 슬립-스쿨 ComfyCush Slip-Skool,운동화
29219,워프 Old Skool 올드스쿨,운동화
29220,워프 Old Skool 올드스쿨,운동화
29221,워프 Old Skool 올드스쿨,운동화
29222,워프 Old Skool 올드스쿨,운동화
29223,워프 SK8-Hi 스케이트-하이 리이슈,운동화
29224,워프 SK8-Hi 스케이트-하이 리이슈,운동화
29225,워프 SK8-Hi 스케이트-하이 리이슈,운동화
29226,FA20 애너하임 시드 DX,운동화
29227,FA20 애너하임 시드 DX,운동화
29291,테라인 오버트 CC,운동화
29213,66 서플라이 모드 Slip-on 슬립온,운동화
29290,세리오 컬렉션 로우랜드 CC,운동화
29550,스타일 36 STYLE 36 데콘 SF,운동화
28928,애너하임 SK8-Hi 스케이트-하이 38 DX,운동화
29069,반스 스포츠,운동화
29010,데니스 에나슨 Old Skool 올드스쿨 프로 BMX,운동화
29023,Old Skool 올드스쿨 CAP,운동화
29287,메쉬 Slip-on 슬립온 CAP,운동화
29288,메쉬 SK8-Hi 스케이트-하이 리이슈 CAP,운동화
29011,믹스드 미디어 컴피쿠시 에라 ComfyCush Era,운동화
29012,믹스드 미디어 컴피쿠시 올드스쿨 ComfyCush Old Skool,운동화
29013,믹스드 미디어 컴피쿠시 스케이트-하이 ComfyCush SK8-Hi,운동화
29070,레트로 렉 컴피쿠시 스케이트-로우 ComfyCush SK8-Low,운동화
29077,AVE PRO 에이브이 프로,운동화
29024,Old Skool 올드스쿨 CAP,운동화
29285,워시드 클래식 Slip-on 슬립온,운동화
29080,체커보드 스타일 36 STYLE 36 SF,운동화
28902,울트라레인지 EXO,운동화
28903,울트라레인지 EXO,운동화
29042,Vans X Lotties SK8-Hi 스케이트-하이 프로 LTD,운동화
29043,Vans X Lotties Era 에라 프로 LTD,운동화
29000,카일 프로 2,운동화
29001,카일 프로 2,운동화
29030,DIY SK8-Hi 스케이트-하이 테이퍼드,운동화
29032,DIY SK8-Hi 스케이트-하이 테이퍼드,운동화
29031,DIY SK8-Hi 스케이트-하이 테이퍼드,운동화
29033,DIY Authentic 어센틱 HC,운동화
29034,체커보드 DIY Authentic 어센틱 HC,운동화
29035,DIY Authentic 어센틱 HC,운동화
29016,U-컬러 클래식 Slip-on 슬립온,운동화
29017,U-컬러 체커보드 Era 에라,운동화
29018,U-컬러 플로럴 Era 에라,운동화
29019,호프만 패브릭 애너하임 Authentic 어센틱 44 DX,운동화
29020,호프만 패브릭 애너하임 Old Skool 올드스쿨 36 DX,운동화
29281,투톤 Old Skool 올드스쿨,운동화
29282,투톤 Old Skool 올드스쿨,운동화
29283,투톤 Old Skool 올드스쿨,운동화
28544,워시드 팩 클래식 Slip-on 슬립온,운동화
28545,워시드 팩 클래식 Slip-on 슬립온,운동화
28546,워시드 팩 클래식 Slip-on 슬립온,운동화
28547,워시드 팩 Authentic 어센틱,운동화
28548,워시드 팩 Authentic 어센틱,운동화
28549,워시드 팩 Authentic 어센틱,운동화
28550,워시드 팩 반스 스포츠,운동화
28551,워시드 팩 반스 스포츠,운동화
28552,워시드 팩 반스 스포츠,운동화
29286,워시드 SK8-Hi 스케이트-하이 테이퍼드,운동화
29284,워시드 Authentic 어센틱,운동화
28927,애너하임 Era 에라 95 DX,운동화
29074,체크 베스 엔아이,운동화
28562,애너하임 Authentic 어센틱 44 DX 반스 레이스,운동화
28563,애너하임 Authentic 어센틱 44 DX 반스 레이스,운동화
28564,애너하임 Authentic 어센틱 44 DX 반스 레이스,운동화
28565,애너하임 Authentic 어센틱 44 DX 반스 레이스,운동화
28566,애너하임 Authentic 어센틱 44 DX 하트 레이스,운동화
28567,애너하임 Authentic 어센틱 44 DX 하트 레이스,운동화
28568,애너하임 Authentic 어센틱 44 DX 하트 레이스,운동화
29046,체커보드 컬러 띠어리 클래식 Slip-on 슬립온,운동화
29048,체커보드 컬러 띠어리 클래식 Slip-on 슬립온,운동화
29049,컬러 띠어리 Era 에라,운동화
29050,컬러 띠어리 Era 에라,운동화
29051,컬러 띠어리 Old Skool 올드스쿨,운동화
29052,컬러 띠어리 Old Skool 올드스쿨,운동화
29053,컬러 띠어리 Old Skool 올드스쿨,운동화
29055,컬러 띠어리 Old Skool 올드스쿨,운동화
29056,컬러 띠어리 SK8-Hi 스케이트-하이,운동화
29057,컬러 띠어리 SK8-Hi 스케이트-하이,운동화
29075,레더 스웨이드 시티 트레일 CITY TRL,운동화
29076,레더 스웨이드 시티 트레일 CITY TRL,운동화
29451,유틸리티 시티 CMT,운동화
29452,유틸리티 시티 CMT,운동화
29453,유틸리티 시티 CMT,운동화
28905,SK8-Low 스케이트-로우,운동화
28906,SK8-Low 스케이트-로우,운동화
28907,SK8-Low 스케이트-로우,운동화
28933,스케이트 울프 Authentic 어센틱 프로,운동화
28934,스케이트 울프 SK8-Hi 스케이트-하이 프로,운동화
28937,스타일 36 STYLE 36 데콘 SF 블루,운동화
28370,스웨이드 반스 스포츠,운동화
28371,스웨이드 반스 스포츠,운동화
28372,스웨이드 반스 스포츠,운동화
26760,SK8-Hi 스케이트-하이 리이슈 CAP,운동화
28020,울트라레인지 EXO,운동화
28021,울트라레인지 EXO,운동화
28539,Old Skool 올드스쿨 뮬,운동화
28540,Old Skool 올드스쿨 뮬,운동화
28541,Old Skool 올드스쿨 뮬,운동화
28542,클래식 Slip-on 슬립온 뮬,운동화
28543,클래식 Slip-on 슬립온 뮬,운동화
29063,반스 크루 클래식 Slip-on 슬립온,운동화
29064,반스 크루 스타일 36 Style 36,운동화
28916,Vans X 마이클 페뷰어리 울트라레인지 EXO SE,운동화
28914,Vans X 마이클 페뷰어리 클래식 Slip-on 슬립온 SF,운동화
28915,Vans X 마이클 페뷰어리 SK8-Hi 스케이트-하이 138 데콘 SF,운동화
28936,Vans X Demolition SK8-Hi 스케이트-하이 프로 BMX,운동화
28570,VANS X JUSTIN HENRY 스타일 36 STYLE 36 프로,운동화
28625,피스 사인 스타일 36 STYLE 36 데콘 SF,운동화
29454,반스 블럭 볼드 엔아이,운동화
28812,체크 베스 엔아이,운동화
29450,체크 베스 엔아이,운동화
28621,반스 스피릿 클래식 Slip-on 슬립온,운동화
28622,반스 스피릿 Era 에라,운동화
28935,ROWAN PRO 로완 프로,운동화
29078,솔트 워시 스타일 36 STYLE 36 데콘 SF,운동화
28381,쉬트 해픈스 Old Skool 올드스쿨,운동화
28384,스타일 36 STYLE 36,운동화
28856,디스트럭트 SF,운동화
28402,스타일 36 STYLE 36 데콘 SF 블루,운동화
23400,남성 슬라이드-온 체커보드,운동화
26302,남성 슬라이드-온 블랙,운동화
26475,애너하임 OLD SKOOL 올드스쿨 36 DX,운동화
28850,하프 캡 Half Cab,운동화
28395,검솔 ROWAN PRO,운동화
28800,애너하임 팩토리 클래식 Slip-on 슬립온 98 DX,운동화
28806,알파인 버얼 Berle 프로,운동화
1713,애너하임 AUTHENTIC 어센틱 44 DX,운동화
24803,애너하임 AUTHENTIC 어센틱 44 DX,운동화
28109,ROWAN PRO,운동화
28110,ROWAN PRO,운동화
28111,ROWAN PRO,운동화
28232,SK8-Hi 스케이트-하이 프로,운동화
28235,스웨이드 Slip-on 슬립온 프로,운동화
28123,솔트 워시 스타일 36 STYLE 36 데콘 SF,운동화
28222,알파인 Slip-on 슬립온 프로,운동화
23723,체커보드 클래식 Slip-on 슬립온 뮬,운동화
23776,Old Skool 올드스쿨 뮬,운동화
423,코어클래식 ERA 에라,운동화
423,코어클래식 ERA 에라,운동화
421,코어클래식 SK8-Hi 스케이트-하이,운동화
422,코어클래식 AUTHENTIC 어센틱,운동화
422,코어클래식 AUTHENTIC 어센틱,운동화
422,코어클래식 AUTHENTIC 어센틱,운동화
422,코어클래식 AUTHENTIC 어센틱,운동화
422,코어클래식 AUTHENTIC 어센틱,운동화
552,코어클래식 체커보드 AUTHENTIC 어센틱,운동화
425,코어클래식 Slip-On 슬립온,운동화
652,코어클래식 Slip-On 솔리드 슬립온,운동화
652,코어클래식 Slip-On 솔리드 슬립온,운동화
424,코어클래식 Slip-On 체커보드 슬립온,운동화
28300,스타일 36 STYLE 36 데콘 SF 블랙,운동화
27863,SP20 버얼 Berle 프로,운동화
28006,서프 부츠 하이,운동화
27256,체크 베스 엔아이,운동화
27298,서프 부츠 하이 5MM,운동화
26609,AVE PRO(에이브이 프로),운동화
26611,AVE PRO(에이브이 프로),운동화
26644,FA19 애너하임 시드 DX,운동화
26480,컴피쿠시 슬립온 ComfyCush Slip-on,운동화
