prod_id,prod_brand,prod_name
497858,아디다스,알파바운스 슬라이드 - 블랙:화이트 / BA8775
1339622,아디다스,알파바운스 슬라이드 - 화이트:블랙 / FX1326
1339555,아디다스,알파바운스 슬라이드 - 옐로우:블랙 / FX1327
1092992,우포스,OORIGINAL BLACK - 조리 블랙
685185,로맨틱무브,뉴탐페레 첼시 부츠 R17M077 (블랙)
1128656,커스텀에이드,4.5cm 소가죽 코만도 첼시부츠 루틴(CR0011)
1568047,슈펜,10/15 배송 핏더사이즈X슈펜 첼시부츠 Ⅱ(비브람 판창) BYTM20W12
607298,비에스큐티바이클래시,375 웰던 더비 구두 루시블랙
324275,버켄스탁,[공식] 버켄스탁 아리조나 에바 EVA 블랙 슬리퍼
954594,아디다스,아딜렛 컴포트 - 블랙:화이트 / CG3425
1021359,마이애미프로젝트,0891 코즈웨이 천연소가죽 베이직 페니 로퍼 밴타블랙
1167367,슈펜,10/5 배송 [최겨울x슈펜]이태리 비브람 시리즈 더비슈즈 BYSC19W04
950889,슈펜,10/5 배송 SHOOPEN x LOST GARDEN_DERBY II
581861,모 스포츠,모 플립플랍 (블랙)
819685,피렌체 아뜨리에,[1.5cm 추가입고] 키높이인솔 3 SET (1cm / 1.5cm / 2cm중 선택가능)
1415270,아디다스,컴포트 플립플랍 - 블랙 / EG2069
1566512,무신사 스탠다드,[무신사스탠다드X락피쉬]첼시 레인 부츠 [블랙]
1347569,아디다스,아딜렛 컴포트 - 블랙 / FX4293
995457,아디다스,아딜렛 컴포트 - 블랙:화이트:블랙 /CG3427
968929,아디다스,알파바운스 슬라이드 - 블랙 / B41720
1256633,아디다스,아딜렛 라이트 - 네이비:화이트 / FU8299
791575,테바,맨즈 허리케인 XLT2 / 1019234-BLK
668697,비에스큐티바이클래시,비에스큐티바이클래시 191 베이직 레더 키높이 첼시 부츠 루시블랙
464267,닥터마틴,1461 모노 블랙 14345001
1439535,토앤토,10/5 배송 ZEROVITY Flipflop 2.0 - Cream
705626,비에스큐티바이클래시,비에스큐티바이클래시 875 니스 콜프 3홀 더비 구두 루시블랙
1129750,우포스,OOAHH BLACK - 슬리퍼 블랙
767850,비에스큐티바이클래시,331 브뤼셀 더블 스트랩 키높이 가죽 샌들 아쿠아블랙
595040,닥터마틴,1461 3홀 모노 블랙 14345001
965925,아디다스,아딜렛 컴포트 - 다크블루:화이트 / B44870
1032775,위더로드,WTRD4104 오스틴 스트랩샌들 매트블랙 [250~290MM]
359506,돔바,[사이즈 재입고] 올리버 (OLIVER (ALL BLACK)) [F-7015]
1264085,로스트가든,Max_bl
760047,피렌체 아뜨리에,2nd Atelier 매트블랙 천연소가죽 코만도솔 더비슈즈 2NDF 100B
948035,내셔널지오그래픽,내셔널지오그래픽 슬리퍼 다이브 플러스 빅로고 슬리퍼 WHITE
665782,닥터마틴,첼시부츠 블랙 2976 11853001
1093030,우포스,OORIGINAL NAVY - 조리 네이비
1334813,로맨틱무브,뉴 클래식 더비 R20M102 (Black)
558537,버켄스탁,보스턴 SFB 타우페 560771
501198,버켄스탁,취리히 SFB 타우페 1009532
170069,테바,맨즈 오리지널 유니버셜 / 1004010-BLK
484133,닥터마틴,패트리샤 블랙 24278001
348154,아디다스,아딜렛 샌들 블랙 / S75382
948036,내셔널지오그래픽,내셔널지오그래픽 슬리퍼 다이브 플러스 빅로고 슬리퍼 BLACK
1197829,디스커버리 익스페디션,샌드라인 3 (NAVY)
1197831,디스커버리 익스페디션,샌드라인 3 (BLACK)
636821,하루타,남성용 소가죽 페니로퍼 HS-906_BLACK
770006,예루살렘 샌들,NO.8 THE GOOD SHEPHERD_BROWN
1262089,닥터마틴,제이든 블랙 폴리시드 스무스 15265001
1269023,슈펜,10/5 배송 네스티킥 콜라보 슬라이드 AFDU20A62
549841,닥터마틴,그리폰 블랙 샌들 15695001
1072155,러프넥,R.P.S 136 유팁 12mm 워커 더비슈즈
1197828,디스커버리 익스페디션,샌드라인 3 (WHITE)
1439916,아디다스,이제이 플립플랍 - 블랙:화이트 / EG2042
464309,닥터마틴,제이든 8홀 블랙 15265001
107513,로스코,10/5 배송 [국내배송] 로스코 옥스포드 슈즈 5085 UNIFORM OXFORD (LEATHER)
1260573,르꼬르도니에,[국내제작]1070_1 코만도 아웃솔 4홀 더비슈즈
1269067,슈펜,10/5 배송 네스티킥 콜라보 슬라이드2 AFDU20A61
1595452,밀레 클래식,10/12 배송 X SSOLANT SANDAL
916404,휠라,드리프터 테이피테잎 (1SM00561100)
1273516,푸마,로얄캣 컴포트 - 블랙:화이트 / 37228001
1049145,피렌체 아뜨리에,2nd Atelier 이중웰트 천연소가죽 유팁 페니로퍼 2NDF 700GB
1082314,위더로드,WTRD4107 아처 플리플랍 메트블랙 [230~290mm]
636831,하루타,남성용 PU 페니로퍼 HS-6550_BLACK
1258378,디스커버리 익스페디션,버킷 슬라이드 (BEIGE)
1020993,마이애미프로젝트,0191 아르데코 천연소가죽 3홀 더비 구두 밴타블랙
1563571,커스텀에이드,4cm 소가죽 다이나이트 첼시부츠 네드(CR0030)
1334438,닥터마틴,마일즈 블랙 슬리퍼 23523001
538199,버켄스탁,아리조나 EVA 블랙 [보통발볼] / 129421
705611,비에스큐티바이클래시,비에스큐티바이클래시 378 어거스트 3홀 더비 구두 빈티지블랙
1447823,골스튜디오,10/5 배송 GRABITY BALANCE SLIDE
919936,비에스큐티바이클래시,994 캐스케이드 7홀 더비 워커 루시블랙
1413636,리복,캐시 플립 W - 블랙:블랙 / FX0208
1439917,아디다스,아딜렛 컴포트 ADJ - 블랙:화이트 / EG1344
598968,닥터마틴,패트리샤 다크브라운 24754201
1110317,로스트가든,Yard_bl_sh
1127973,위더로드,WTRD5201 다니엘 스퀘어토 첼시부츠 매트블랙[240~280MM]
1590038,닥터마틴,2976 모노 블랙 / 25685001
770007,예루살렘 샌들,NO.8 THE GOOD SHEPHERD_BLACK
1439911,아디다스,컴포트 샌들 - 블랙 / EG6514
968928,아디다스,아딜렛 컴포트 - 레드:화이트 / F34722
1482171,무신사 스탠다드,리얼 레더 더블 스트랩 샌들 [블랙]
1257055,스코노,키높이 25mm 인솔 깔창 블랙/화이트
127121,로맨틱무브,뉴스마트로퍼 R14M008 (블랙)
340998,테바,맨즈 허리케인 XLT / 4156-BLK
1625093,엘칸토,[더브라운] 남성 소가죽 로퍼 3.5cm LCMD76J039
1625068,엘칸토,[인텐스] 여성 시크 앵클부츠 7cm LCWA21I04C
1625004,헤일리,HJ20055_3color
1625217,헤일리,HJ20064
1625081,엘칸토,[더브라운] 남성 소가죽 투밴드 로퍼 4cm LCMD83J039
