10000033783,에어 조던 1 하이 줌,남성 신발 농구
10000033784,에어 조던 7 레트로 GC,남성 신발 농구
10000033530,에어 조던 1 로우 SE,남성 신발
10000033477,나이키 에어 줌-타입,남성 신발 라이프스타일
10000033655,에어 조던 1 하이 플라이이즈,남성 신발 농구
10000033711,카이브리드 S2 EP,남성 신발 농구
10000033398,르브론 17 로우,남성 신발 농구
10000033854,KD13 EP,남성 신발 농구
10000033762,나이키 어댑트 BB 2.0,남성 신발 농구
10000030761,카이브리드 S2 EP,남성 신발 농구
10000033518,나이키 데이브레이크,여성 신발 라이프스타일
10000033620,에어 조던 3 레트로,여성 신발 라이프스타일
10000033547,나이키 에어맥스 95,남성 신발 라이프스타일
10000033817,나이키 스페이스 히피 04,남성 신발 라이프스타일
10000033869,카이리 로우 3 EP,남성 신발 농구
10000033438,나이키 에어 줌 알파플라이 넥스트%,남성 레이싱화
10000033274,나이키 줌X 베이퍼플라이 넥스트%,성인공용 러닝화
10000033807,나이키 드롭-타입 월드와이드,남성 신발 라이프스타일
10000032994,나이키 데이브레이크-타입,남성 신발 라이프스타일
10000033576,나이키 에어 포스 1 '07 LV8 월드와이드,남성 신발 라이프스타일
10000033879,나이키 머큐리얼 슈퍼플라이 7 엘리트 음바페 로사 FG,성인공용 신발 축구
10000033874,에어 조던 5 레트로,남성 신발 농구
10000033541,나이키 에어 줌 BB 넥스트,성인공용 신발 농구
10000033498,나이키 에어 베이퍼맥스 2020 FK,남성 신발 라이프스타일
10000033616,조던 줌 '92,남성 신발 농구
10000033878,나이키 머큐리얼 베이퍼 13 엘리트 음바페 로사 FG,성인공용 신발 축구
10000032980,나이키 챌린저 OG,남성 신발 라이프스타일
10000001979,나이키 에어맥스 97,남성 신발 라이프스타일
10000033614,조던 줌 '92,남성 신발 농구
10000033909,줌 프릭 2,남성 신발 농구
10000033623,나이키 에어 포스 1 '07 LX,남성 신발 라이프스타일
10000033624,나이키 에어 포스 1 '07 LX,남성 신발 라이프스타일
10000033667,나이키 코르테즈 베이직 프리미엄,남성 신발 라이프스타일
10000033791,나이키 팬텀 GT 엘리트 다이나믹 핏 FG,성인공용 신발 축구
10000033818,에어 조던 3 레트로 SE,남성 신발 농구
10000033843,나이키 데이브레이크-타입,남성 신발 라이프스타일
10000032978,나이키 챌린저 OG,남성 신발 라이프스타일
10000033500,나이키 에어 베이퍼맥스 2020 FK,남성 신발 라이프스타일
10000030584,나이키 플로우 2020 ISPA SE,남성 신발 라이프스타일
10000033696,나이키 에어맥스 2090,남성 신발 라이프스타일
10000033783,에어 조던 1 하이 줌,남성 신발 농구
10000033784,에어 조던 7 레트로 GC,남성 신발 농구
10000033530,에어 조던 1 로우 SE,남성 신발
10000033477,나이키 에어 줌-타입,남성 신발 라이프스타일
10000033655,에어 조던 1 하이 플라이이즈,남성 신발 농구
10000033711,카이브리드 S2 EP,남성 신발 농구
10000033398,르브론 17 로우,남성 신발 농구
10000033854,KD13 EP,남성 신발 농구
10000033762,나이키 어댑트 BB 2.0,남성 신발 농구
10000030761,카이브리드 S2 EP,남성 신발 농구
10000033518,나이키 데이브레이크,여성 신발 라이프스타일
10000033620,에어 조던 3 레트로,여성 신발 라이프스타일
10000033547,나이키 에어맥스 95,남성 신발 라이프스타일
10000033817,나이키 스페이스 히피 04,남성 신발 라이프스타일
10000033869,카이리 로우 3 EP,남성 신발 농구
10000033438,나이키 에어 줌 알파플라이 넥스트%,남성 레이싱화
10000033274,나이키 줌X 베이퍼플라이 넥스트%,성인공용 러닝화
10000033807,나이키 드롭-타입 월드와이드,남성 신발 라이프스타일
10000032994,나이키 데이브레이크-타입,남성 신발 라이프스타일
10000033576,나이키 에어 포스 1 '07 LV8 월드와이드,남성 신발 라이프스타일
10000033879,나이키 머큐리얼 슈퍼플라이 7 엘리트 음바페 로사 FG,성인공용 신발 축구
10000033874,에어 조던 5 레트로,남성 신발 농구
10000033541,나이키 에어 줌 BB 넥스트,성인공용 신발 농구
10000033498,나이키 에어 베이퍼맥스 2020 FK,남성 신발 라이프스타일
10000033616,조던 줌 '92,남성 신발 농구
10000033878,나이키 머큐리얼 베이퍼 13 엘리트 음바페 로사 FG,성인공용 신발 축구
10000032980,나이키 챌린저 OG,남성 신발 라이프스타일
10000001979,나이키 에어맥스 97,남성 신발 라이프스타일
10000033614,조던 줌 '92,남성 신발 농구
10000033909,줌 프릭 2,남성 신발 농구
10000033623,나이키 에어 포스 1 '07 LX,남성 신발 라이프스타일
10000033624,나이키 에어 포스 1 '07 LX,남성 신발 라이프스타일
10000033667,나이키 코르테즈 베이직 프리미엄,남성 신발 라이프스타일
10000033791,나이키 팬텀 GT 엘리트 다이나믹 핏 FG,성인공용 신발 축구
10000033818,에어 조던 3 레트로 SE,남성 신발 농구
10000033843,나이키 데이브레이크-타입,남성 신발 라이프스타일
10000032978,나이키 챌린저 OG,남성 신발 라이프스타일
10000033500,나이키 에어 베이퍼맥스 2020 FK,남성 신발 라이프스타일
10000030584,나이키 플로우 2020 ISPA SE,남성 신발 라이프스타일
10000033696,나이키 에어맥스 2090,남성 신발 라이프스타일
10000030585,나이키 플로우 2020 ISPA SE,남성 신발 라이프스타일
10000032993,나이키 에어맥스 90 플라이이즈,남성 신발 라이프스타일
10000033699,나이키 에어맥스 270 리액트,남성 신발 라이프스타일
10000030762,르브론 17 FP,남성 신발 농구
10000033469,카이리 로우 3 EP,남성 신발 농구
10000033413,나이키 비스타 라이트,여성 신발 라이프스타일
10000029782,에어 조던 1 미드,남성 신발 농구
10000033517,나이키 데이브레이크,여성 신발 라이프스타일
10000033475,조던 줌 트루너 얼티메이트,남성 신발 농구
10000033684,나이키 SB 줌 블레이저 미드 프리미엄,성인공용 신발 액션스포츠
10000032197,르브론 17 로우 PH,남성 신발 농구
10000033899,나이키 와플 레이서 2X,여성 신발 라이프스타일
10000033845,나이키 에어맥스 95,남성 신발 라이프스타일
10000033559,"조던 ""Why Not?"" Zer0.3 SE PF",남성 신발 농구
10000033499,나이키 에어 베이퍼맥스 2020 FK,남성 신발 라이프스타일
10000033682,조던 CRATER 슬라이드,남성 신발 농구
10000032995,나이키 블레이저 '77 빈티지,남성 신발 라이프스타일
10000030755,나이키 메트콘 6,성인공용 신발 트레이닝
10000033476,나이키 에어 줌-타입,남성 신발 라이프스타일
10000033506,나이키 에어맥스 3,남성 신발 라이프스타일
10000034289,나이키 레볼루션 5 플라이이즈,남성 신발 러닝
10000033282,나이키 머큐리얼 슈퍼플라이 7 엘리트 FG,성인공용 신발 축구
10000033294,나이키 티엠포 레전드 8 엘리트 FG,펌 그라운드 클리트 축구화
10000033280,나이키 머큐리얼 슈퍼플라이 7 엘리트 FG,성인공용 신발 축구
10000033283,나이키 머큐리얼 베이퍼 13 엘리트 FG,성인공용 신발 축구
10000033336,나이키 스카이브 맥스,남성 신발 라이프스타일
10000033360,나이키 에어 줌 페가수스 37,남성 신발 러닝
10000033315,나이키 머큐리얼 슈퍼플라이 7 엘리트 TF,인공 잔디 축구화
10000033601,나이키 리액트 팬텀 GT 프로 TF,성인공용 신발 축구
10000033297,나이키 티엠포 레전드 8 엘리트 HG,성인공용 신발 축구
10000033310,나이키 머큐리얼 슈퍼플라이 7 아카데미 HG,성인공용 신발 축구
10000033312,나이키 머큐리얼 베이퍼 13 아카데미 HG,하드 그라운드 클리트 축구화
10000033856,나이키 팬텀 GT 아카데미 다이나믹 핏 HG,성인공용 신발 축구
10000033404,조던 맥스 200,남성 신발 농구
10000033802,나이키 에어맥스 97 SE 월드와이드,남성 신발 라이프스타일
10000033844,나이키 에어맥스 97,남성 신발 라이프스타일
10000033434,나이키 에어 줌 템포 넥스트%,남성 신발 러닝
10000030596,나이키 어댑트 BB 2.0,남성 신발 농구
10000033617,조던 줌 '92,남성 신발 농구
10000033718,나이키 ACG 줌 에어 AO,하이킹화
10000033726,나이키 ACG 에어 데슈츠,성인공용 신발 라이프스타일
10000033800,나이키 에어맥스 90,남성 신발 라이프스타일
10000033719,나이키 ACG 줌 에어 AO,하이킹화
10000033727,나이키 ACG 에어 데슈츠,성인공용 신발 라이프스타일
10000034286,나이키 카와 슬라이드,남성 신발 라이프스타일
10000033868,카이브리드 S2 EP,남성 신발 농구
10000033850,나이키 에어 베이퍼맥스 2020 FK MS,남성 신발 라이프스타일
10000033716,나이키 ACG MOC 3.0 레더,성인공용 신발 라이프스타일
10000033717,나이키 ACG MOC 3.0 레더,성인공용 신발 라이프스타일
10000034053,나이키 데이브레이크 SP,남성 신발 라이프스타일
10000033725,나이키 ACG 에어 데슈츠,성인공용 신발 라이프스타일
10000033575,나이키 에어 포스 1 '07 LV8 월드와이드,남성 신발 라이프스타일
10000033702,나이키 MX-720-818 월드와이드,남성 신발 라이프스타일
10000034054,나이키 데이브레이크 SP,남성 신발 라이프스타일
10000033591,나이키 팬텀 GT 엘리트 FG,성인공용 신발 축구
10000033602,나이키 리액트 팬텀 GT 프로 TF,성인공용 신발 축구
10000033317,나이키 머큐리얼 베이퍼 13 아카데미 TF,인공 잔디 축구화
10000033304,나이키 티엠포 레전드 8 프로 TF,성인공용 신발 축구
10000033793,나이키 팬텀 GT 아카데미 다이나믹 핏 TF,성인공용 신발 축구
10000033303,나이키 티엠포 레전드 8 프로 HG,성인공용 신발 축구
10000033598,나이키 팬텀 GT 프로 HG,성인공용 신발 축구
10000033314,나이키 머큐리얼 슈퍼플라이 7 아카데미 TF,인공 잔디 축구화
10000033311,나이키 머큐리얼 베이퍼 13 아카데미 HG,하드 그라운드 클리트 축구화
10000033318,나이키 머큐리얼 베이퍼 13 프로 TF,성인공용 신발 축구
10000030190,나이키 ACG 줌 에어 AO,남성 신발 라이프스타일
10000030191,나이키 ACG 줌 에어 AO,남성 신발 라이프스타일
10000033285,나이키 머큐리얼 베이퍼 13 엘리트 FG,성인공용 신발 축구
10000034284,나이키 에어 포스 1 리액트 LV8,남성 신발 라이프스타일
10000033808,나이키 에어 테일윈드 79 월드와이드,남성 신발 라이프스타일
10000033325,나이키 줌 플라이 3,남성 신발 러닝
10000033427,나이키 캐년 샌들,남성 샌들
10000033235,나이키 에어 테일윈드 79,남성 신발 라이프스타일
10000033393,나이키 리액트 비전,남성 신발 라이프스타일
10000030694,나이키 킬샷 OG SP,남성 신발 라이프스타일
10000033466,나이키 데이브레이크-타입,남성 신발 라이프스타일
10000033695,나이키 에어맥스 2090,남성 신발 라이프스타일
10000033433,나이키 에어 줌 템포 넥스트%,남성 신발 러닝
10000033546,에어맥스 90 NRG,남성 신발 라이프스타일
10000034305,나이키 리액트 마일러,남성 신발 러닝
10000030189,나이키 ACG 데슈츠 샌들,남성 신발 라이프스타일
10000033603,나이키 팬텀 GT 아카데미 TF,성인공용 신발 축구
10000033605,나이키 팬텀 GT 아카데미 TF,성인공용 신발 축구
10000033795,나이키 팬텀 GT 아카데미 다이나믹 핏 TF,성인공용 신발 축구
10000033313,나이키 머큐리얼 슈퍼플라이 7 아카데미 TF,인공 잔디 축구화
10000033473,조던 줌 트루너 어드밴스,남성 신발 농구
10000033587,나이키 에어 포스 1 '07 월드와이드,남성 신발 라이프스타일
10000030156,나이키 줌X 베이퍼플라이 넥스트%,성인공용 러닝화
10000033387,나이키 리액트 인피니티 런 플라이니트,남성 신발 러닝
10000030225,나이키 줌 플라이 3,남성 러닝화
10000033496,나이키 에어 베이퍼맥스 2020 FK,남성 신발 라이프스타일
10000033544,나이키 에어맥스 270 리액트 SE 월드와이드,남성 신발 라이프스타일
10000033386,나이키 리액트 인피니티 런 플라이니트,남성 신발 러닝
10000032992,나이키 에어맥스 90 플라이이즈,남성 신발 라이프스타일
10000033853,줌 프릭 2,남성 신발 농구
10000033767,에어 조던 1 미드 SE,여성 신발 라이프스타일
10000033671,나이키 에어맥스 95 SE 월드와이드,남성 신발 라이프스타일
10000033608,나이키 에어 줌 페가수스 37 플라이이즈,남성 신발 러닝
10000033707,나이키 리액트 인피니티 런,남성 신발 러닝
10000033430,나이키 프리 런 5.0 2020,남성 신발 러닝
10000033680,나이키 에어맥스 90,남성 신발 라이프스타일
10000033359,나이키 에어 줌 페가수스 37,남성 신발 러닝
10000033337,나이키 스카이브 맥스,남성 신발 라이프스타일
10000033470,카이리 로우 3 EP,남성 신발 농구
10000034283,나이키 에어 포스 1 리액트 LV8,남성 신발 라이프스타일
10000013020,나이키 P-6000,여성 신발 라이프스타일
10000030715,나이키 에어 줌 페가수스 37 비트루,남성 신발 라이프스타일
10000033615,조던 줌 '92,남성 신발 농구
10000033560,"조던 ""Why Not?"" Zer0.3 SE PF",남성 신발 농구
10000033444,나이키 리액트 팬텀 런 플라이니트 2,남성 신발 러닝
10000030140,KD13 EP,남성 신발 농구
10000034285,나이키 카와 슬라이드,남성 신발 라이프스타일
10000033735,르브론 17 FP,남성 신발 농구
10000033694,나이키 에어맥스 2090,남성 신발 라이프스타일
10000033596,나이키 팬텀 GT 엘리트 HG,성인공용 신발 축구
10000033857,나이키 팬텀 GT 아카데미 다이나믹 핏 HG,성인공용 신발 축구
10000033600,나이키 팬텀 GT 아카데미 HG,성인공용 신발 축구
10000034087,나이키 크루저원,성인공용 신발 라이프스타일
10000034088,나이키 크루저원,성인공용 신발 라이프스타일
10000034085,나이키 크루저원,성인공용 신발 라이프스타일
10000030696,나이키 킬샷 OG SP,남성 신발 라이프스타일
10000030192,나이키 ACG 줌 에어 AO,남성 신발 라이프스타일
10000026817,나이키 ISPA 오버리액트 플라이니트,남성 신발 라이프스타일
10000033681,조던 CRATER,남성 신발 농구
10000033698,나이키 에어맥스 270 리액트,남성 신발 라이프스타일
10000033563,나이키 와플 레이서 2X,여성 신발 라이프스타일
10000033687,나이키 에어 포스 1 리액트,남성 신발 라이프스타일
10000030764,에어 조던 5 레트로,남성 신발
10000033724,나이키 리액트 비전 월드와이드,남성 신발 라이프스타일
10000033690,나이키 에어맥스 90,남성 신발 라이프스타일
10000034086,나이키 크루저원,성인공용 신발 라이프스타일
10000033700,나이키 에어맥스 270 리액트,남성 신발 라이프스타일
10000030181,나이키 데이브레이크-타입,남성 신발 라이프스타일
37259,나이키 에어맥스 97,남성 신발 라이프스타일
10000033569,나이키 에어맥스 EXOSENSE,남성 신발 라이프스타일
10000032979,나이키 챌린저 OG,남성 신발 라이프스타일
10000033809,나이키 에어 테일윈드 79 월드와이드,남성 신발 라이프스타일
10000030743,에어 조던 3 레트로,남성 신발 농구
10000033361,나이키 에어 줌 페가수스 37,남성 신발 러닝
10000033273,나이키 줌X 베이퍼플라이 넥스트%,성인공용 러닝화
10000033326,나이키 줌 플라이 3,남성 러닝화
10000033388,나이키 리액트 인피니티 런 플라이니트,남성 신발 러닝
10000033385,나이키 조이라이드 듀얼 런,남성 신발 러닝
10000030700,나이키 에어맥스 95,남성 신발
10000033432,나이키 프리 런 5.0 2020,남성 신발 러닝
10000033450,나이키 에어 줌 윈플로 7,남성 신발 러닝
10000033522,나이키 줌 그래비티 2,남성 신발 러닝
10000033542,나이키 에어 줌 BB 넥스트,성인공용 신발 농구
10000033859,조던 줌 트루너 얼티메이트,남성 신발 농구
10000029904,나이키 리액트 비전,남성 신발 라이프스타일
10000033508,나이키 에어맥스 알파 TR 3,남성 신발 트레이닝
10000033275,나이키코트 에어맥스 와일드카드,남성 신발 테니스
10000033538,나이키 리뉴 리탤리에이션 TR 2,남성 신발 트레이닝
10000033405,조던 델타,남성 신발 농구
10000033406,조던 델타,남성 신발 농구
10000033338,카이리 6 EP,남성 신발 농구
10000033439,KD13 EP,남성 신발 농구
10000033440,KD13 EP,남성 신발 농구
10000033396,르브론 17 로우,남성 신발 농구
10000033397,르브론 17 로우,남성 신발 농구
10000032198,PG 4 EP,남성 신발 농구
10000032199,PG 4 EP,남성 신발 농구
10000033621,나이키 에어맥스 알파 세비지 2,남성 신발 트레이닝
10000033622,나이키 에어맥스 알파 세비지 2,남성 신발 트레이닝
10000033236,에어 조던 1 로우,남성 신발 농구
10000033661,나이키 에어 베이퍼맥스 360,남성 신발 라이프스타일
10000033701,나이키 에어맥스 270 리액트,남성 신발 라이프스타일
10000033256,나이키 SB 블레이저 로우 GT,성인공용 신발 액션스포츠
10000033346,나이키 블레이저 미드 '77 빈티지,남성 신발 라이프스타일
10000033595,나이키 팬텀 GT 엘리트 HG,성인공용 신발 축구
10000033301,나이키 티엠포 레전드 8 아카데미 TF,인공 잔디 축구화
10000033309,나이키 머큐리얼 슈퍼플라이 7 아카데미 HG,성인공용 신발 축구
10000033568,나이키 에어맥스 EXOSENSE,남성 신발 라이프스타일
10000033253,나이키 베나시 JDI 월드와이드,남성 슬라이드
10000033626,조던 에어 케이던스,남성 신발 농구
10000030601,르브론 7,남성 신발 라이프스타일
10000033625,조던 에어 케이던스,남성 신발 농구
10000033449,나이키 에어 줌 윈플로 7,남성 신발 러닝
10000033324,나이키 줌 플라이 3,남성 러닝화
10000033384,나이키 조이라이드 듀얼 런,남성 신발 러닝
10000033431,나이키 프리 런 5.0 2020,남성 신발 러닝
10000033847,나이키 챌린저 OG,남성 신발 라이프스타일
10000033588,나이키 에어 포스 1 '07 월드와이드,남성 신발 라이프스타일
10000033673,나이키 에어맥스 95 SE 월드와이드,남성 신발 라이프스타일
10000033577,나이키 에어 포스 1 '07 LV8 월드와이드,남성 신발 라이프스타일
10000033412,나이키 비스타 라이트,여성 신발 라이프스타일
10000033688,나이키 에어 포스 1 리액트,남성 신발 라이프스타일
10000033846,나이키 데이브레이크,여성 신발 라이프스타일
10000032977,나이키 에어맥스 2090,남성 신발 라이프스타일
10000033402,조던 맥스 200,남성 신발 농구
10000033458,조던 웨스트브룩 원 테이크 PF,남성 신발 농구
10000029981,나이키 에어 줌 스피리돈 케이지 2,남성 신발
10000030757,나이키 에어맥스 트라이엑스 USA,남성 신발 라이프스타일
10000033347,나이키 블레이저 미드 '77 빈티지,남성 신발 라이프스타일
10000033789,조던 에어로스페이스 720 JCRD,남성 신발 농구
10000030735,에어맥스 90 프리미엄,남성 신발 라이프스타일
10000033803,나이키 에어맥스 97 SE 월드와이드,남성 신발 라이프스타일
10000030721,나이키 에어맥스 2090 비트루,남성 신발 라이프스타일
10000030714,나이키 에어 포스 1 비트루,남성 신발 라이프스타일
10000033445,나이키 리액트 팬텀 런 플라이니트 2,남성 신발 러닝
10000033358,나이키 에어 줌 페가수스 37,남성 신발 러닝
10000033513,KD 트레이 5 VIII EP,농구화
10000011442,나이키 SB 블레이저 로우 GT,성인공용 신발 액션스포츠
10000033474,조던 줌 트루너 어드밴스,남성 신발 농구
10000033271,나이키 에어 줌 보메로 14,남성 신발 러닝
10000033515,KD 트레이 5 VIII EP,농구화
10000030031,나이키 에어 베이퍼맥스 360,남성 신발 라이프스타일
10000033703,나이키 MX-720-818 월드와이드,남성 신발 라이프스타일
10000033362,나이키 에어 줌 페가수스 37,남성 신발 러닝
10000030754,나이키 에어 줌 BB 넥스트,성인공용 신발 농구
10000030143,르브론 17 FP,남성 신발 농구
10000030730,나이키 어댑트 오토 맥스,남성 신발 라이프스타일
10000030772,카이리 플라이트랩 3 EP,남성 신발 농구
10000030685,나이키 에어 테일윈드 79,남성 신발 라이프스타일
10000033571,나이키 에어맥스 95 에센셜,남성 신발 라이프스타일
10000008855,나이키 에어 줌 스트럭처 22,남성 러닝화
10000029948,나이키 프리 런 플라이니트 3.0 2020,남성 신발 러닝
10000026607,나이키 리액트 인피니티 런 플라이니트,남성 신발 러닝
10000029900,나이키 리액트 인피니티 런 플라이니트,남성 신발 러닝
10000029958,나이키 리액트 팬텀 런 플라이니트 2,남성 신발 러닝
10000030565,나이키 에어 줌 페가수스 37,남성 신발 러닝
10000033521,나이키 줌 그래비티 2,남성 신발 러닝
10000030467,나이키 에어 줌 윈플로 7,남성 신발 러닝
10000033403,조던 맥스 200,남성 신발 농구
10000030569,나이키 에어 줌 페가수스 37,여성 신발 러닝
10000030734,에어맥스 90 프리미엄,남성 신발 라이프스타일
10000030747,나이키 에어맥스 90 SP,남성 신발 라이프스타일
10000033545,나이키 에어맥스 270 리액트 SE 월드와이드,남성 신발 라이프스타일
10000033599,나이키 팬텀 GT 아카데미 HG,성인공용 신발 축구
10000033299,나이키 티엠포 레전드 8 아카데미 HG,성인공용 신발 축구
10000033316,나이키 머큐리얼 베이퍼 13 아카데미 TF,인공 잔디 축구화
10000033604,나이키 팬텀 GT 아카데미 TF,성인공용 신발 축구
10000033794,나이키 팬텀 GT 아카데미 다이나믹 핏 TF,성인공용 신발 축구
10000030579,카이리 6 'Asia Irving' EP,남성 신발 농구
10000033426,나이키 캐년 샌들,남성 샌들
10000033537,나이키 리뉴 리탤리에이션 TR 2,남성 신발 트레이닝
10000033375,조던 하이드로 8,남성 신발 농구
10000033507,나이키 에어맥스 알파 TR 3,남성 신발 트레이닝
10000033572,나이키 에어맥스 95 에센셜,남성 신발 라이프스타일
10000033526,나이키 에어맥스 2X,남성 신발 라이프스타일
10000033231,나이키 베나시 JDI 슬라이드,슬라이드
10000033376,나이키 에어 줌 슈퍼렙,남성 HIIT 클래스 신발
10000033464,나이키 프리 메트콘 3,성인공용 신발 트레이닝
10000030750,나이키코트 에어 줌 베이퍼 X,남성 하드 코트 테니스화
10000033457,나이키 슈퍼렙 고,남성 신발 트레이닝
10000033255,나이키 SB 줌 스테판 야노스키 캔버스,주니어 신발 액션스포츠
10000033728,나이키 SB 차지 슬립,스케이트보드화
10000033570,나이키 에어맥스 EXOSENSE,남성 신발 라이프스타일
10000032985,나이키 블레이저 로우,남성 신발 라이프스타일
10000033729,나이키 SB 차지 슬립,스케이트보드화
10000033459,조던 웨스트브룩 원 테이크 PF,남성 신발 농구
10000033640,나이키 에어맥스 90,남성 신발 라이프스타일
10000030155,에어 조던 7 레트로 SE,남성 신발
10000030675,나이키 에어 줌-타입,남성 신발 라이프스타일
10000030676,나이키 에어 줌-타입,남성 신발 라이프스타일
10000033524,나이키 에어맥스 2X,남성 신발 라이프스타일
10000030123,르브론 17,남성 신발 농구
3176,나이키 에어 모나크 4,라이프스타일/짐 신발
10000030723,나이키 에어맥스 95 ERA,남성 신발 라이프스타일
10000030717,나이키 슈퍼렙 사이클,남성 신발 트레이닝
10000030954,나이키 슈퍼렙 고,남성 신발 트레이닝
10000030712,나이키 에어 줌 유니버스 플라이이즈,성인공용 신발 농구
10000030706,KD13 EP,남성 신발 농구
10000033268,나이키코트 에어 줌 베이퍼 X,남성 하드 코트 테니스화
10000030639,나이키 팬텀 베놈 엘리트 FG,성인공용 신발 축구
10000030641,나이키 머큐리얼 베이퍼 13 엘리트 FG,성인공용 신발 축구
10000030667,나이키 팬텀 비전 2 엘리트 다이나믹 핏 FG,성인공용 신발 축구
10000030682,나이키 티엠포 레전드 8 엘리트 FG,성인공용 신발 축구
10000030640,나이키 머큐리얼 슈퍼플라이 7 엘리트 FG,성인공용 신발 축구
10000026665,나이키 조이라이드 런 플라이니트,남성 러닝화
10000030654,나이키 머큐리얼 슈퍼플라이 7 엘리트 TF,인공 잔디 축구화
10000030653,나이키 머큐리얼 슈퍼플라이 7 아카데미 TF,인공 잔디 축구화
10000030668,나이키 팬텀 비전 2 프로 다이나믹 핏 FG,성인공용 신발 축구
10000030646,나이키 티엠포 레전드 8 아카데미 TF,인공 잔디 축구화
10000030642,나이키 머큐리얼 베이퍼 13 아카데미 MG,멀티 그라운드 축구화
10000030695,나이키 킬샷 OG SP,남성 신발 라이프스타일
10000030953,나이키 에어 프레스토,남성 신발 라이프스타일
10000030719,나이키 에어 포스 1 '07 QS,남성 신발 라이프스타일
10000023069,나이키 조이라이드 듀얼 런,남성 신발 러닝
10000026139,나이키 에어 줌 보메로 14,남성 신발 러닝
10000023452,나이키 레볼루션 5,남성 신발 러닝
10000030699,"조던 ""Why Not?"" Zer0.3 PF",남성 신발 농구
10000030648,나이키 티엠포 레전드 8 프로 HG,성인공용 신발 축구
10000030651,나이키 머큐리얼 슈퍼플라이 7 아카데미 MG,멀티 그라운드 축구화
10000030665,나이키 팬텀 비전 2 아카데미 다이나믹 핏 MG,멀티 그라운드 축구화
10000030669,나이키 팬텀 비전 2 아카데미 다이나믹 핏 TF,아티피셜 터프 축구화
10000033801,나이키 에어맥스 90,남성 신발 라이프스타일
10000033693,나이키 에어맥스 2090,남성 신발 라이프스타일
10000030183,에어 조던 13 레트로,남성 신발
34364,나이키 SB 줌 블레이저 미드,스케이트보드화
10000030698,에어 조던 3 레트로 SE,남성 신발 농구
10000026935,에어 조던 4 레트로 SE,남성 신발 농구
10000030655,나이키 머큐리얼 베이퍼 13 아카데미 TF,인공 잔디 축구화
10000030644,나이키 머큐리얼 슈퍼플라이 7 프로 FG,성인공용 신발 축구
10000030666,나이키 팬텀 비전 2 아카데미 다이나믹 핏 HG,하드 그라운드 클리트 축구화
10000030643,나이키 티엠포 레전드 8 아카데미 MG,멀티 그라운드 클리트 축구화
10000030645,나이키 티엠포 레전드 8 아카데미 HG,성인공용 신발 축구
10000033254,나이키 베나시 JDI 월드와이드,남성 슬라이드
10000029823,나이키 SB 줌 스테판 야노스키 캔버스 RM 프리미엄,성인공용 신발 액션스포츠
10000030637,나이키코트 에어 줌 베이퍼 케이지 4,남성 신발 테니스
10000033389,나이키 리액트 인피니티 런 플라이니트,남성 신발 러닝
10000030704,PG 4 EP,남성 신발 농구
10000030632,르브론 7,남성 신발 라이프스타일
10000030490,나이키 에어 포스 1 TYPE 1,남성 신발 라이프스타일
10000030684,나이키 에어맥스 90 SP,남성 신발 라이프스타일
10000030618,나이키 리액트 비전,남성 신발 라이프스타일
10000030616,나이키 리액트 비전,남성 신발 라이프스타일
10000030617,나이키 리액트 비전,남성 신발 라이프스타일
10000030188,나이키 ACG 데슈츠 샌들,남성 신발 라이프스타일
10000030153,PG 4 PCG EP,남성 신발 농구
10000030649,나이키 머큐리얼 베이퍼 13 프로 HG,성인공용 신발 축구
10000030647,나이키 티엠포 레전드 8 프로 FG,천연 잔디 클리트 축구화
10000030650,나이키 머큐리얼 슈퍼플라이 7 아카데미 HG,성인공용 신발 축구
10000030652,나이키 머큐리얼 베이퍼 13 아카데미 HG,하드 그라운드 클리트 축구화
10000030683,나이키 레전드 8 엘리트 HG,성인공용 신발 축구
10000030686,나이키 에어 테일윈드 79,남성 신발 라이프스타일
10000030489,나이키 데이브레이크-타입,남성 신발 라이프스타일
10000030157,나이키 에어맥스 2090,남성 신발 라이프스타일
10000030687,나이키 에어 테일윈드 79,남성 신발 라이프스타일
10000030614,"조던 ""Why Not?"" Zer0.3 PF",남성 신발 농구
10000026868,르브론 7 QS,남성 신발 라이프스타일
10000030454,나이키 P-6000,남성 신발 라이프스타일
10000030575,나이키 어댑트 오토 맥스,남성 신발 라이프스타일
10000030603,나이키 에어맥스 2090,남성 신발 라이프스타일
10000030604,나이키 에어맥스 2090,남성 신발 라이프스타일
10000030580,PG 4 EP,남성 신발 농구
10000030577,르브론 17,남성 신발 농구
10000030578,르브론 17 로우,남성 신발 농구
10000030527,나이키 에어맥스 270 리액트 SE,남성 신발
10000030483,나이키 에어맥스 테일윈드 4 SE,남성 신발
10000030472,나이키 에어맥스 200 SE,남성 신발 라이프스타일
10000030513,나이키 에어 포스 1 '07,남성 신발 라이프스타일
10000030067,나이키 에어맥스 90,남성 신발
10000030576,나이키코트 테크 챌린지 20,남성 테니스화
10000030564,나이키 에어 줌 페가수스 37,남성 신발 러닝
10000030566,나이키 에어 줌 페가수스 37,남성 신발 러닝
10000012291,나이키 에어맥스 97,남성 신발 라이프스타일
10000026028,나이키 어댑트 BB 2.0,남성 신발 농구
10000030558,나이키 리액트 가토,실내/코트 축구화
10000029297,나이키 SB 줌 스테판 야노스키 슬립 RM,스케이트보드화
10000029776,나이키 베나시 JDI 슬라이드,슬라이드
10000030199,나이키 에어 테일윈드 79,남성 신발 라이프스타일
10000030516,나이키 에어 테일윈드 79 SE,남성 신발
10000030101,나이키 P-6000 에센셜,여성 신발
10000030166,나이키 에어맥스 2090,여성 신발 라이프스타일
10000029891,나이키 에어맥스 2090,남성 신발 라이프스타일
10000030152,나이키 에어맥스 2090,남성 신발 라이프스타일
10000030556,"조던 ""Why Not?"" Zer0.3 PF",남성 신발 농구
10000030529,나이키 MX-720-818,남성 신발
10000030962,나이키 에어맥스 엑시,여성 신발 라이프스타일
10000029873,나이키 블레이저 미드 '77 빈티지,남성 신발 라이프스타일
10000030530,나이키 MX-720-818,남성 신발
10000030076,나이키 오아시스 샌들,남성 신발 라이프스타일
10000030176,나이키 에어맥스 2090,남성 신발 라이프스타일
10000030180,에어 조던 34 로우 PF,남성 신발 농구
10000030547,나이키 에어맥스 720 SE,남성 신발 라이프스타일
10000030218,나이키 에어맥스 알파 세비지,남성 트레이닝화
10000030054,나이키 에어맥스 트라이엑스,남성 신발
10000030034,나이키 줌X 비스타 그라인드,여성 신발 라이프스타일
10000026941,나이키 에어맥스 2090,남성 신발 라이프스타일
10000030237,나이키 에어맥스 2090,남성 신발 라이프스타일
10000030504,나이키 데이브레이크,여성 신발 라이프스타일
10000027422,조던 하이드로 8,남성 신발 농구
10000030154,나이키 에어맥스 베이퍼 윙 프리미엄,남성 신발 테니스
10000030765,나이키 머큐리얼 베이퍼 13 엘리트 네이마르 FG,천연 잔디 클리트 축구화
10000030774,나이키 머큐리얼 베이퍼 13 프로 네이마르 HG,하드 그라운드 클리트 축구화
10000030769,나이키 머큐리얼 베이퍼 13 아카데미 네이마르 TF,인공 잔디 축구화
10000022220,나이키 데이브레이크,여성 신발 라이프스타일
10000029931,나이키 캐년 샌들,남성 샌들
10000030066,나이키 에어 포스 1 '07,여성 신발
10000030149,KD13 EP,남성 신발 농구
10000030543,나이키 시그널 D/MS/X,남성 신발
10000030450,나이키 SB GTS 리턴,성인공용 신발 액션스포츠
10000030136,나이키 프리 메트콘 3,성인공용 신발 트레이닝
10000030134,나이키 슈퍼렙 고,남성 신발 트레이닝
10000030129,"조던 ""Why Not?"" Zer0.3 PF",남성 신발 농구
10000030124,카이리 6 EP,남성 신발 농구
10000019213,나이키 조이라이드 런 플라이니트,남성 러닝화
10000016162,나이키 줌 플라이 플라이니트,남성 신발 러닝
10000030137,줌 프릭 1,남성 신발 농구
10000030125,카이리 6 EP,남성 신발 농구
10000031302,나이키 솔라소프트 2,남성 신발 라이프스타일
10000030073,나이키 에어맥스 97,남성 신발
10000030768,나이키 머큐리얼 베이퍼 13 아카데미 네이마르 MG,멀티 그라운드 축구화
10000030770,나이키 머큐리얼 베이퍼 13 클럽 네이마르 TF,인공 잔디 축구화
10000030767,나이키 머큐리얼 베이퍼 13 아카데미 네이마르 HG,성인공용 신발 축구
10000030766,나이키 머큐리얼 베이퍼 13 프로 네이마르 FG,천연 잔디 클리트 축구화
10000026987,나이키 에어맥스 720 슬립 OBJ,남성 신발 라이프스타일
10000030009,KD 트레이 5 VIII EP,농구화
10000026942,나이키 에어맥스 2090,남성 신발 라이프스타일
10000030059,나이키 에어맥스 95 에센셜,남성 신발
10000029962,나이키 에어맥스 270 리액트 ENG,남성 신발
10000029939,나이키 아수나 슬라이드,남성 샌들
10000030106,나이키 에어맥스 97,여성 신발 라이프스타일
10000029788,나이키 카와 슬라이드,남성용 슬라이드
10000029870,나이키 오프코트 슬라이드,남성 슬라이드
10000029933,나이키 캐년 샌들,남성 샌들
10000030239,카이리 플라이트랩 3 EP,남성 신발 농구
10000029965,나이키 에어맥스 98,남성 신발 라이프스타일
10000029820,나이키 조이라이드 런 플라이니트,남성 러닝화
10000030012,나이키 데이브레이크,여성 신발 라이프스타일
10000030113,나이키 블레이저 미드 빈티지 '77,남성 신발
10000030114,나이키 블레이저 미드 빈티지 '77,남성 신발
10000026940,나이키 줌 X 비스타 그라인드 SP,여성 신발 라이프스타일
10000026939,나이키 줌 X 비스타 그라인드 SP,여성 신발 라이프스타일
10000029975,조던 웨스트브룩 원 테이크 PF,남성 신발 농구
10000029932,나이키 캐년 샌들,남성 샌들
10000030011,KD 트레이 5 VIII EP,성인공용 신발 농구
10000030033,나이키 드롭-타입,남성 신발 라이프스타일
10000030240,카이리 플라이트랩 3 EP,남성 신발 농구
10000026919,나이키 에어맥스 트라이엑스 96 SP,남성 신발 라이프스타일
10000026917,나이키 에어맥스 270 리액트,남성 신발 라이프스타일
10000026916,에어맥스 200 20,남성 신발 라이프스타일
10000029828,조던 브레이크 슬라이드,슬라이드
10000030057,나이키 에어맥스 270 리액트,남성 신발
10000030068,나이키 에어맥스 90,남성 신발
10000029964,나이키 에어맥스 98,남성 신발 라이프스타일
10000030058,나이키 에어맥스 270 리액트,남성 신발
10000030060,나이키 에어맥스 95 에센셜,남성 신발
10000029838,나이키 에어 고스트 레이서,남성 신발 라이프스타일
10000029896,나이키 에어 줌 슈퍼렙,남성 HIIT 클래스 신발
10000018626,나이키 에어맥스 97,남성 신발 라이프스타일
10000026890,나이키 리액트 비전,남성 신발 라이프스타일
10000029837,나이키 에어 고스트 레이서,남성 신발 라이프스타일
10000030064,나이키코트 빈티지 프리미엄,남성 신발 라이프스타일
10000026855,르브론 17 로우,남성 신발 농구
10000030063,나이키코트 빈티지 프리미엄,남성 신발 라이프스타일
10000030055,나이키 에어맥스 200,남성 신발 라이프스타일
10000029808,나이키코트 에어 줌 베이퍼 X,남성 하드 코트 테니스화
10000029947,나이키 프리 런 플라이니트 3.0 2020,남성 신발 러닝
10000029956,나이키 리액트 팬텀 런 플라이니트 2,남성 신발 러닝
10000029818,나이키 조이라이드 런 플라이니트,남성 러닝화
10000029946,나이키 프리 런 플라이니트 3.0 2020,남성 신발 러닝
10000029942,나이키 프리 런 5.0 2020,남성 신발 러닝
10000026798,나이키 에어맥스 95 프리미엄,여성 신발 라이프스타일
10000026915,나이키 머큐리얼 베이퍼 13 엘리트 FG,성인공용 신발 축구
10000023059,나이키 ISPA 에어맥스 720,남성 신발 라이프스타일
10000025868,나이키 에어맥스 1 DNA Ch.1,남성 신발 라이프스타일
10000016511,나이키 에어 허라치 런 DNA Ch.1,남성 신발 라이프스타일
10000025869,나이키 에어 허라치 런 DNA Ch.1,남성 신발 라이프스타일
10000029886,조던 에어로스페이스 720,남성 신발 농구
10000029829,조던 브레이크 슬라이드,슬라이드
10000029778,에어 조던 1 로우,남성 신발 농구
10000030232,나이키 오프코트 슬라이드,남성 슬라이드
10000030072,나이키 에어맥스 97 QS,남성 신발
10000014811,나이키 에어맥스 720,남성 신발 라이프스타일
10000030053,나이키 에어맥스 트라이엑스,남성 신발
10000029845,나이키 머큐리얼 슈퍼플라이 7 아카데미 TF,인공 잔디 축구화
10000030514,나이키 리액트 프레스토,남성 신발 라이프스타일
10000026873,나이키 팬텀 비전 2 엘리트 다이나믹 핏 FG,성인공용 신발 축구
10000026875,나이키 리액트 인피니티 런 플라이니트,남성 신발 러닝
10000026874,나이키 조이라이드 듀얼 런,남성 신발 러닝
10000026882,나이키 리액트 프레스토 프리미엄,남성 신발 라이프스타일
10000029860,조던 점프맨 2020 PF,남성 신발 농구
28101,나이키 클래식 코르테즈,여성 신발 라이프스타일
10000026871,에어 조던 34 PF,남성 신발 농구
10000029846,나이키 머큐리얼 베이퍼 13 아카데미 TF,인공 잔디 축구화
10000021555,나이키 에어 테일윈드 79,남성 신발 라이프스타일
10000011909,나이키 에어 테일윈드 79,남성 신발 라이프스타일
10000026850,카이리 6 EP,남성 신발 농구
10000029831,나이키코트 라이트 2,남성 신발 테니스
10000026888,나이키 팬텀 비전 2 엘리트 다이나믹 핏 FG,성인공용 신발 축구
10000028400,나이키 머큐리얼 슈퍼플라이 7 엘리트 FG,성인공용 신발 축구
10000030005,나이키 프리시전 4,농구화
10000029859,조던 점프맨 2020 PF,남성 신발 농구
10000026069,나이키 에어맥스 90,남성 신발 라이프스타일
10000029813,나이키코트 에어맥스 와일드카드,남성 신발 테니스
10000029832,나이키코트 라이트 2,남성 신발 테니스
10000029869,나이키 오프코트 슬라이드,남성 슬라이드
30673,나이키 카와 샤워 슬라이드,남성용 슬라이드
10000029957,나이키 리액트 팬텀 런 플라이니트 2,남성 신발 러닝
10000029899,나이키 리액트 인피니티 런 플라이니트,남성 신발 러닝
10000025113,나이키 줌 윈플로 6,남성 신발 러닝
10000029811,나이키 케파 카이 텅,남성 끈 샌들
10000016310,나이키 에어 베이퍼맥스 플라이니트 3,남성 신발
10000026644,나이키 에어맥스 90,남성 신발 라이프스타일
10000026657,나이키 SB 셰인,성인공용 신발 액션스포츠
10000026623,나이키코트 에어맥스 베이퍼 윙 멀티 코트,남성 멀티 서피스 테니스화
10000026624,나이키코트 에어맥스 베이퍼 윙 멀티 코트,남성 멀티 서피스 테니스화
10000025132,나이키코트 라이트 2,남성 하드 코트 테니스화
10000026040,나이키 에어 줌 슈퍼렙,남성 HIIT 클래스 신발
10000029812,나이키 케파 카이 텅,남성 끈 샌들
10000029868,나이키 오프코트 슬라이드,남성 슬라이드
10000029775,나이키 베나시 JDI 슬라이드,슬라이드
10000026138,나이키 에어 줌 보메로 14,남성 신발 러닝
10000025116,나이키 프리 X 메트콘 2,남성 신발 트레이닝
10000025427,나이키 MX-720-818,남성 신발 라이프스타일
10000025136,나이키 에어맥스 알파 트레이너 2,남성 트레이닝화
10000025142,나이키 에어맥스 알파 세비지,남성 트레이닝화
10000025105,나이키 에어맥스 테일윈드 4,남성 신발 라이프스타일
10000030568,나이키 에어 줌 페가수스 37,여성 신발 러닝
10000026606,나이키 리액트 인피니티 런 플라이니트,남성 신발 러닝
10000025134,KD 트레이 5 7 EP,성인공용 신발 농구
10000025707,나이키 드롭-타입,남성 신발 라이프스타일
10000025106,나이키 에어맥스 200,남성 신발 라이프스타일
10000025425,나이키 에어맥스 270 리액트,남성 신발 라이프스타일
10000025398,나이키 에어맥스 임팩트,남성 신발 농구
10000019446,나이키 SB 줌 스테판 야노스키 캔버스 RM,성인공용 신발 액션스포츠
10000023047,나이키 에어맥스 270 리액트 SP,남성 신발 라이프스타일
10000023046,나이키 에어맥스 270 리액트 SP,남성 신발 라이프스타일
10000023285,나이키 에어맥스 90,남성 신발 라이프스타일
10000023286,나이키 에어맥스 90,남성 신발 라이프스타일
10000025410,나이키 에어맥스 95 에센셜,남성 신발 라이프스타일
10000025213,나이키 줌 그래비티,남성 러닝화
10000025095,나이키코트 에어맥스 와일드카드,남성 신발 테니스
10000025409,나이키 에어맥스 95 에센셜,남성 신발 라이프스타일
10000023036,나이키 x MMW 조이라이드 CC3 세터,남성 신발 라이프스타일
10000023034,나이키 x MMW 조이라이드 CC3 세터,남성 신발 라이프스타일
10000023260,나이키 에어맥스 트라이엑스 96,남성 신발 라이프스타일
10000023095,나이키 에어맥스 트라이엑스 96,남성 신발 라이프스타일
10000022549,나이키 에어맥스 200,남성 신발 라이프스타일
10000021624,나이키 에어 베이퍼맥스 플라이니트 3,남성 신발
10000022709,나이키 에어맥스 270 리액트 윈터,남성 신발 라이프스타일
10000022545,나이키 에어맥스 270 리액트,남성 신발
10000021671,나이키 에어 줌 와일드홀스 5,남성 러닝화
10000021640,나이키 조이라이드 CC,남성 신발
10000021641,나이키 조이라이드 CC,남성 신발
10000011479,나이키 줌 2K,남성 신발 라이프스타일
10000016563,나이키 에어 줌 페가수스 36,남성 신발 러닝
10000014609,나이키코트 로얄 AC 슬립온,남성용 슬립온 신발
10000014801,나이키 에어맥스 시퀀트 4.5,남성 신발 라이프스타일
