10000029815,에어 조던 1 로우,여성 신발 라이프스타일
10000033477,나이키 에어 줌-타입,남성 신발 라이프스타일
10000033779,나이키 와플 레이서 LX,여성 신발 라이프스타일
10000033518,나이키 데이브레이크,여성 신발 라이프스타일
10000022221,나이키 데이브레이크,여성 신발 라이프스타일
10000033620,에어 조던 3 레트로,여성 신발 라이프스타일
10000033637,나이키 리액트 Art3mis,여성 신발 라이프스타일
10000033274,나이키 줌X 베이퍼플라이 넥스트%,성인공용 러닝화
10000033378,나이키 스페이스 히피 04,여성 신발 라이프스타일
10000033879,나이키 머큐리얼 슈퍼플라이 7 엘리트 음바페 로사 FG,성인공용 신발 축구
10000033502,나이키 에어 베이퍼맥스 2020 FK,여성 신발 라이프스타일
10000033770,나이키 캐년 샌들,여성 신발 라이프스타일
10000033878,나이키 머큐리얼 베이퍼 13 엘리트 음바페 로사 FG,성인공용 신발 축구
10000033564,나이키 와플 레이서 2X,여성 신발 라이프스타일
10000033516,나이키 데이브레이크,여성 신발 라이프스타일
10000033837,나이키 에어맥스 95 프리미엄,여성 신발 라이프스타일
10000033618,조던 줌 '92,여성 신발 라이프스타일
10000033791,나이키 팬텀 GT 엘리트 다이나믹 핏 FG,성인공용 신발 축구
10000033829,에어 조던 3 레트로 SE,주니어 신발 농구
10000033252,나이키 베나시 JDI,여성 신발 라이프스타일
10000032986,나이키 에어 줌 알파플라이 넥스트%,여성 러닝화
10000033750,나이키 에어맥스 베로나,여성 신발 라이프스타일
10000033401,조던 에어맥스 200,주니어 신발
37247,나이키 에어맥스 97,여성 신발 라이프스타일
10000033414,나이키 에어 포스 1 쉐도우,여성 신발 라이프스타일
10000034288,나이키 에어맥스 95 SE 월드와이드,여성 신발 라이프스타일
10000033413,나이키 비스타 라이트,여성 신발 라이프스타일
10000033390,나이키 리액트 인피니티 런 플라이니트,여성 신발 러닝
10000033517,나이키 데이브레이크,여성 신발 라이프스타일
10000033769,나이키 캐년 샌들,여성 신발 라이프스타일
10000033504,나이키 에어 베이퍼맥스 2020 FK,여성 신발 라이프스타일
10000030763,나이키 에어 포스 1 '07,여성 신발 라이프스타일
10000033578,나이키 에어맥스 270 리액트 SE,여성 신발 라이프스타일
10000033505,나이키 에어 베이퍼맥스 2020 FK,여성 신발 라이프스타일
10000033684,나이키 SB 줌 블레이저 미드 프리미엄,성인공용 신발 액션스포츠
10000033899,나이키 와플 레이서 2X,여성 신발 라이프스타일
10000033501,나이키 에어 베이퍼맥스 2020 FK,여성 신발 라이프스타일
10000033462,나이키 슈퍼렙 고,여성 신발 트레이닝
10000033780,나이키 에어맥스 3,여성 신발 라이프스타일
10000033531,나이키 에어맥스 UP NRG,여성 신발 라이프스타일
10000029815,에어 조던 1 로우,여성 신발 라이프스타일
10000033477,나이키 에어 줌-타입,남성 신발 라이프스타일
10000033779,나이키 와플 레이서 LX,여성 신발 라이프스타일
10000033518,나이키 데이브레이크,여성 신발 라이프스타일
10000022221,나이키 데이브레이크,여성 신발 라이프스타일
10000033620,에어 조던 3 레트로,여성 신발 라이프스타일
10000033637,나이키 리액트 Art3mis,여성 신발 라이프스타일
10000033274,나이키 줌X 베이퍼플라이 넥스트%,성인공용 러닝화
10000033378,나이키 스페이스 히피 04,여성 신발 라이프스타일
10000033879,나이키 머큐리얼 슈퍼플라이 7 엘리트 음바페 로사 FG,성인공용 신발 축구
10000033502,나이키 에어 베이퍼맥스 2020 FK,여성 신발 라이프스타일
10000033770,나이키 캐년 샌들,여성 신발 라이프스타일
10000033878,나이키 머큐리얼 베이퍼 13 엘리트 음바페 로사 FG,성인공용 신발 축구
10000033564,나이키 와플 레이서 2X,여성 신발 라이프스타일
10000033516,나이키 데이브레이크,여성 신발 라이프스타일
10000033837,나이키 에어맥스 95 프리미엄,여성 신발 라이프스타일
10000033618,조던 줌 '92,여성 신발 라이프스타일
10000033791,나이키 팬텀 GT 엘리트 다이나믹 핏 FG,성인공용 신발 축구
10000033829,에어 조던 3 레트로 SE,주니어 신발 농구
10000033252,나이키 베나시 JDI,여성 신발 라이프스타일
10000032986,나이키 에어 줌 알파플라이 넥스트%,여성 러닝화
10000033750,나이키 에어맥스 베로나,여성 신발 라이프스타일
10000033401,조던 에어맥스 200,주니어 신발
37247,나이키 에어맥스 97,여성 신발 라이프스타일
10000033414,나이키 에어 포스 1 쉐도우,여성 신발 라이프스타일
10000034288,나이키 에어맥스 95 SE 월드와이드,여성 신발 라이프스타일
10000033413,나이키 비스타 라이트,여성 신발 라이프스타일
10000033390,나이키 리액트 인피니티 런 플라이니트,여성 신발 러닝
10000033517,나이키 데이브레이크,여성 신발 라이프스타일
10000033769,나이키 캐년 샌들,여성 신발 라이프스타일
10000033504,나이키 에어 베이퍼맥스 2020 FK,여성 신발 라이프스타일
10000030763,나이키 에어 포스 1 '07,여성 신발 라이프스타일
10000033578,나이키 에어맥스 270 리액트 SE,여성 신발 라이프스타일
10000033505,나이키 에어 베이퍼맥스 2020 FK,여성 신발 라이프스타일
10000033684,나이키 SB 줌 블레이저 미드 프리미엄,성인공용 신발 액션스포츠
10000033899,나이키 와플 레이서 2X,여성 신발 라이프스타일
10000033501,나이키 에어 베이퍼맥스 2020 FK,여성 신발 라이프스타일
10000033462,나이키 슈퍼렙 고,여성 신발 트레이닝
10000033780,나이키 에어맥스 3,여성 신발 라이프스타일
10000033531,나이키 에어맥스 UP NRG,여성 신발 라이프스타일
10000033532,나이키 에어맥스 UP NRG,여성 신발 라이프스타일
10000033476,나이키 에어 줌-타입,남성 신발 라이프스타일
10000030752,나이키 메트콘 6,여성 신발 트레이닝
10000030751,나이키 메트콘 6,여성 신발 트레이닝
10000033291,나이키 메트콘 6,여성 신발 트레이닝
10000030629,조던 5 로우 G,성인공용 신발 골프
10000033315,나이키 머큐리얼 슈퍼플라이 7 엘리트 TF,인공 잔디 축구화
10000033601,나이키 리액트 팬텀 GT 프로 TF,성인공용 신발 축구
10000033778,에어 조던 OG,여성 신발 라이프스타일
10000033334,나이키 RYZ 365,여성 신발 라이프스타일
10000033812,나이키 에어맥스 97 에센셜,여성 신발 라이프스타일
10000034287,나이키 데이브레이크 SE 월드와이드,여성 신발 라이프스타일
10000033704,에어맥스 270 리액트,여성 신발 라이프스타일
10000022222,나이키 데이브레이크,여성 신발 라이프스타일
10000033692,나이키 에어맥스 90,여성 신발 라이프스타일
10000033718,나이키 ACG 줌 에어 AO,하이킹화
10000033726,나이키 ACG 에어 데슈츠,성인공용 신발 라이프스타일
10000033719,나이키 ACG 줌 에어 AO,하이킹화
10000033727,나이키 ACG 에어 데슈츠,성인공용 신발 라이프스타일
10000033453,나이키 줌 플라이 3 프리미엄,여성 러닝화
10000033748,나이키 에어맥스 베로나,여성 신발 라이프스타일
10000033850,나이키 에어 베이퍼맥스 2020 FK MS,남성 신발 라이프스타일
10000033725,나이키 ACG 에어 데슈츠,성인공용 신발 라이프스타일
10000033716,나이키 ACG MOC 3.0 레더,성인공용 신발 라이프스타일
10000033717,나이키 ACG MOC 3.0 레더,성인공용 신발 라이프스타일
10000033579,나이키 에어맥스 90 SE 월드와이드,여성 신발 라이프스타일
10000033276,나이키코트 에어맥스 와일드카드,여성 테니스화
10000033602,나이키 리액트 팬텀 GT 프로 TF,성인공용 신발 축구
10000033304,나이키 티엠포 레전드 8 프로 TF,성인공용 신발 축구
10000033893,에어 조던 1 로우,여성 신발 라이프스타일
10000033285,나이키 머큐리얼 베이퍼 13 엘리트 FG,성인공용 신발 축구
10000033747,나이키 에어맥스 베로나,여성 신발 라이프스타일
10000033814,나이키 에어맥스 90,여성 신발 라이프스타일
10000033416,나이키 에어 포스 1 쉐도우,여성 신발 라이프스타일
10000033738,나이키 리액트 인피니티 프로,골프화(와이드)
10000033758,나이키 에어 줌 인피니티 투어 보아,성인공용 신발 골프
10000033664,나이키 에어 베이퍼맥스 360,여성 신발 라이프스타일
10000030189,나이키 ACG 데슈츠 샌들,남성 신발 라이프스타일
10000033757,나이키 에어 줌 인피니티 투어 보아,성인공용 신발 골프
10000033437,나이키 에어 줌 템포 넥스트%,여성 신발 러닝
10000033436,나이키 에어 줌 템포 넥스트%,여성 신발 러닝
10000033767,에어 조던 1 미드 SE,여성 신발 라이프스타일
10000033811,나이키 에어맥스 97 에센셜,여성 신발 라이프스타일
10000033705,나이키 에어맥스 2090,여성 신발 라이프스타일
10000033447,나이키 리액트 팬텀 런 플라이니트 2,여성 신발 러닝
10000033691,나이키 에어맥스 90,여성 신발 라이프스타일
10000033675,나이키 에어 줌 인피니티 투어,골프화(와이드)
10000034295,나이키 에어 줌 페가수스 37 프리미엄,여성 신발 러닝
10000013020,나이키 P-6000,여성 신발 라이프스타일
10000033556,나이키 에어 포스 1 '07 LX,여성 신발 라이프스타일
10000033557,나이키 에어 포스 1 '07 LX,여성 신발 라이프스타일
10000030093,나이키 에어 줌 인피니티 투어 보아,성인공용 신발 골프
10000033715,나이키 에어 줌 인피니티 투어 NRG,성인공용 신발 골프
10000032999,나이키 에어맥스 270 G NRG,성인공용 신발 골프
10000033679,나이키 에어 줌 인피니티 투어 NRG,성인공용 신발 골프
10000033632,"조던 ""Why Not?"" Zer0.3 SE",주니어 신발 농구
10000033805,나이키 에어맥스 95,여성 신발 라이프스타일
10000033549,나이키 에어맥스 270 G,성인공용 신발 골프
10000030542,나이키 에어맥스 베로나,여성 신발 라이프스타일
10000033548,나이키 에어맥스 270 G,성인공용 신발 골프
10000033550,나이키 에어맥스 270 G,성인공용 신발 골프
10000033563,나이키 와플 레이서 2X,여성 신발 라이프스타일
10000033613,나이키 에어 줌 페가수스 37 플라이이즈,여성 러닝화
10000033409,나이키 줌 더블 스택트,여성 신발
10000033411,나이키 줌 더블 스택트,여성 신발
10000033631,"조던 ""Why Not?"" Zer0.3 SE",주니어 신발 농구
10000033685,조던 델타,여성 신발 라이프스타일
10000034086,나이키 크루저원,성인공용 신발 라이프스타일
10000033536,나이키 알피나 5000,여성 신발 라이프스타일
10000008770,나이키 에어맥스 97,여성 신발 라이프스타일
10000033809,나이키 에어 테일윈드 79 월드와이드,남성 신발 라이프스타일
10000033415,나이키 에어 포스 1 쉐도우,여성 신발 라이프스타일
10000033364,나이키 에어 줌 페가수스 37,여성 신발 러닝
10000033273,나이키 줌X 베이퍼플라이 넥스트%,성인공용 러닝화
10000033327,나이키 줌 플라이 3,여성 러닝화
10000033392,나이키 리액트 인피니티 런 플라이니트,여성 신발 러닝
10000033382,나이키 조이라이드 듀얼 런,여성 신발 러닝
10000033520,나이키 줌 그래비티 2,여성 신발 러닝
10000033542,나이키 에어 줌 BB 넥스트,성인공용 신발 농구
10000033451,나이키 에어 줌 윈플로 7,여성 신발 러닝
10000030749,나이키코트 에어 줌 베이퍼 X,여성 하드 코트 테니스화
10000025133,나이키코트 라이트 2,여성 하드 코트 테니스화
10000033428,나이키 아수나 슬라이드,여성 신발 라이프스타일
10000033256,나이키 SB 블레이저 로우 GT,성인공용 신발 액션스포츠
10000033463,나이키 슈퍼렙 고,여성 신발 트레이닝
10000030679,조던 델타,여성 신발 라이프스타일
10000033686,조던 델타,여성 신발 라이프스타일
10000033412,나이키 비스타 라이트,여성 신발 라이프스타일
10000033380,나이키 조이라이드 듀얼 런,여성 신발 러닝
10000033810,나이키 에어맥스 97 에센셜,여성 신발 라이프스타일
10000033830,나이키 에어맥스 270 리액트,여성 신발 라이프스타일
10000033838,나이키 에어 포스 1 쉐도우,여성 신발 라이프스타일
10000033846,나이키 데이브레이크,여성 신발 라이프스타일
10000033417,나이키 코르테즈 G,여성 신발 골프
10000026802,나이키 데이브레이크,여성 신발 라이프스타일
10000033866,나이키 에어 포스 1 쉐도우,여성 신발 라이프스타일
10000033775,나이키 에어맥스 95 SE 월드와이드,여성 신발 라이프스타일
10000033523,나이키 데이브레이크 SE 월드와이드,여성 신발 라이프스타일
10000033749,나이키 에어맥스 베로나,여성 신발 라이프스타일
10000030721,나이키 에어맥스 2090 비트루,남성 신발 라이프스타일
10000030714,나이키 에어 포스 1 비트루,남성 신발 라이프스타일
10000030722,나이키 에어 줌 페가수스 37 비트루,여성 신발 라이프스타일
10000033443,나이키 프리 런 5.0 2020,여성 신발 러닝
10000033425,나이키 에어맥스 1 G,여성 신발 골프
10000033740,나이키 리액트 인피니티 런 플라이니트 프리미엄,여성 신발 러닝
10000033465,조던 웨스트브룩 원 테이크,주니어 농구화
10000033573,나이키 에어맥스 EXOSENSE,여성 신발 라이프스타일
10000033352,나이키 에어 줌 슈퍼렙,여성 신발 트레이닝
10000033636,나이키 리액트 Art3mis,여성 신발 라이프스타일
10000025663,나이키 데이브레이크,여성 신발 라이프스타일
10000033513,KD 트레이 5 VIII EP,농구화
10000030092,나이키 에어 줌 인피니티 투어 보아,성인공용 신발 골프
10000030138,나이키 에어맥스 97 G,성인공용 신발 골프
10000033353,나이키 에어 줌 슈퍼렙,여성 신발 트레이닝
10000033391,나이키 리액트 인피니티 런 플라이니트,여성 신발 러닝
10000033527,나이키 에어맥스 2X,여성 신발 라이프스타일
10000030693,에어 조던 11 레트로 로우,여성 신발
10000030175,에어 조던 4 레트로,여성 신발 라이프스타일
10000030146,에어 조던 OG,여성 신발 라이프스타일
10000033515,KD 트레이 5 VIII EP,농구화
10000033706,나이키 에어맥스 2090,여성 신발 라이프스타일
10000033665,나이키 에어 베이퍼맥스 360,여성 신발 라이프스타일
10000033379,나이키 에어 줌 스피리돈 케이지 2,여성 신발 라이프스타일
10000030754,나이키 에어 줌 BB 넥스트,성인공용 신발 농구
10000033806,나이키 에어맥스 95,여성 신발 라이프스타일
10000033787,나이키 에어맥스 270 리액트,여성 신발 라이프스타일
10000033519,나이키 줌 그래비티 2,여성 신발 러닝
10000033446,나이키 리액트 팬텀 런 플라이니트 2,여성 신발 러닝
10000030540,나이키 리액트 인피니티 런 플라이니트 프리미엄,여성 신발 러닝
10000029961,나이키 리액트 팬텀 런 플라이니트 2,여성 신발 러닝
10000030569,나이키 에어 줌 페가수스 37,여성 신발 러닝
10000026678,나이키 리액트 인피니티 런 플라이니트,여성 신발 러닝
10000033328,조던 에어맥스 200 XX,여성 신발 라이프스타일
10000033363,나이키 에어 줌 페가수스 37,여성 신발 러닝
10000033272,나이키 에어 줌 보메로 14,여성 신발 러닝
10000033329,조던 에어맥스 200 XX,여성 신발 라이프스타일
10000030747,나이키 에어맥스 90 SP,남성 신발 라이프스타일
10000033663,나이키 에어 베이퍼맥스 360,여성 신발 라이프스타일
10000033381,나이키 조이라이드 듀얼 런,여성 신발 러닝
10000033635,나이키 리액트 Art3mis,여성 신발 라이프스타일
10000033574,나이키 에어맥스 EXOSENSE,여성 신발 라이프스타일
10000033580,나이키 에어맥스 95,여성 신발 라이프스타일
10000033333,나이키 라이즈 365,여성 신발 라이프스타일
10000033529,나이키 에어맥스 2X,여성 신발 라이프스타일
10000033777,에어 조던 OG,여성 신발 라이프스타일
10000033335,나이키 라이즈 365,여성 신발 라이프스타일
10000033728,나이키 SB 차지 슬립,스케이트보드화
10000033255,나이키 SB 줌 스테판 야노스키 캔버스,주니어 신발 액션스포츠
10000033419,나이키 코르테즈 G NRG,여성 골프화
10000033729,나이키 SB 차지 슬립,스케이트보드화
10000033774,나이키 에어맥스 트라이엑스 USA,여성 신발 라이프스타일
10000033492,나이키 프리 메트콘 3,여성 신발 트레이닝
10000030676,나이키 에어 줌-타입,남성 신발 라이프스타일
10000030675,나이키 에어 줌-타입,남성 신발 라이프스타일
10000033452,나이키 에어 줌 윈플로 7,여성 신발 러닝
10000030672,나이키 리액트 비전,여성 신발 라이프스타일
10000030051,나이키 에어맥스 90,여성 신발
10000026141,나이키 에어 줌 보메로 14,여성 신발 러닝
10000030723,나이키 에어맥스 95 ERA,남성 신발 라이프스타일
10000030707,나이키 슈퍼렙 사이클,여성 신발 트레이닝
10000030708,나이키 슈퍼렙 사이클,여성 신발 트레이닝
10000033551,나이키 에어맥스 270 G,성인공용 신발 골프
10000030639,나이키 팬텀 베놈 엘리트 FG,성인공용 신발 축구
10000030641,나이키 머큐리얼 베이퍼 13 엘리트 FG,성인공용 신발 축구
10000030682,나이키 티엠포 레전드 8 엘리트 FG,성인공용 신발 축구
10000030640,나이키 머큐리얼 슈퍼플라이 7 엘리트 FG,성인공용 신발 축구
10000030667,나이키 팬텀 비전 2 엘리트 다이나믹 핏 FG,성인공용 신발 축구
10000030654,나이키 머큐리얼 슈퍼플라이 7 엘리트 TF,인공 잔디 축구화
10000030653,나이키 머큐리얼 슈퍼플라이 7 아카데미 TF,인공 잔디 축구화
10000030668,나이키 팬텀 비전 2 프로 다이나믹 핏 FG,성인공용 신발 축구
10000030646,나이키 티엠포 레전드 8 아카데미 TF,인공 잔디 축구화
10000030642,나이키 머큐리얼 베이퍼 13 아카데미 MG,멀티 그라운드 축구화
10000023478,나이키 에어 줌 윈플로우 6,여성 신발 러닝
10000030096,나이키 캐년 샌들,여성 신발 라이프스타일
10000029901,나이키 리액트 인피니티 런 플라이니트,여성 신발 러닝
10000026610,나이키 리액트 인피니티 런 플라이니트,여성 신발 러닝
10000029949,나이키 프리 런 플라이니트 3.0 2020,여성 신발 러닝
10000030648,나이키 티엠포 레전드 8 프로 HG,성인공용 신발 축구
10000030651,나이키 머큐리얼 슈퍼플라이 7 아카데미 MG,멀티 그라운드 축구화
10000030665,나이키 팬텀 비전 2 아카데미 다이나믹 핏 MG,멀티 그라운드 축구화
10000030669,나이키 팬텀 비전 2 아카데미 다이나믹 핏 TF,아티피셜 터프 축구화
10000030088,나이키 에어맥스 베로나,여성 신발 라이프스타일
10000030183,에어 조던 13 레트로,남성 신발
34364,나이키 SB 줌 블레이저 미드,스케이트보드화
10000030655,나이키 머큐리얼 베이퍼 13 아카데미 TF,인공 잔디 축구화
10000030644,나이키 머큐리얼 슈퍼플라이 7 프로 FG,성인공용 신발 축구
10000030666,나이키 팬텀 비전 2 아카데미 다이나믹 핏 HG,하드 그라운드 클리트 축구화
10000030643,나이키 티엠포 레전드 8 아카데미 MG,멀티 그라운드 클리트 축구화
10000030645,나이키 티엠포 레전드 8 아카데미 HG,성인공용 신발 축구
10000033528,나이키 에어맥스 2X,여성 신발 라이프스타일
10000030517,나이키 오아시스 샌들,여성 샌들
10000030541,나이키 에어맥스 베로나,여성 신발 라이프스타일
10000029823,나이키 SB 줌 스테판 야노스키 캔버스 RM 프리미엄,성인공용 신발 액션스포츠
10000030634,르브론 7,주니어 신발
10000026950,나이키 에어맥스 90 SP,여성 신발 라이프스타일
10000030684,나이키 에어맥스 90 SP,남성 신발 라이프스타일
10000030626,나이키 스포츠웨어 리액트 비전 에센셜,여성 신발 라이프스타일
10000030627,나이키 스포츠웨어 리액트 비전 에센셜,여성 신발 라이프스타일
10000030622,나이키 리액트 비전,여성 신발 라이프스타일
10000030621,나이키 리액트 비전,여성 신발 라이프스타일
10000030188,나이키 ACG 데슈츠 샌들,남성 신발 라이프스타일
10000030110,나이키 아쿠아 리프트,여성 신발 라이프스타일
10000030518,나이키 오아시스 샌들,여성 샌들
10000030649,나이키 머큐리얼 베이퍼 13 프로 HG,성인공용 신발 축구
10000030647,나이키 티엠포 레전드 8 프로 FG,천연 잔디 클리트 축구화
10000030650,나이키 머큐리얼 슈퍼플라이 7 아카데미 HG,성인공용 신발 축구
10000030652,나이키 머큐리얼 베이퍼 13 아카데미 HG,하드 그라운드 클리트 축구화
10000030683,나이키 레전드 8 엘리트 HG,성인공용 신발 축구
10000026895,나이키 에어맥스 베로나,여성 신발 라이프스타일
10000030046,나이키 에어 줌 인피니티 투어,성인공용 신발 골프
10000030489,나이키 데이브레이크-타입,남성 신발 라이프스타일
10000030551,나이키 에어맥스 베로나,여성 신발 라이프스타일
10000030607,나이키 에어맥스 2090,여성 신발 라이프스타일
10000030507,나이키 에어맥스 2090,여성 신발 라이프스타일
10000030692,나이키 에어맥스 베로나,여성 신발 라이프스타일
10000030027,나이키 오아시스 샌들,여성 샌들
10000033674,나이키 에어 줌 인피니티 투어,성인공용 신발 골프
10000018319,나이키 코르테즈 G,여성 신발 골프
10000025399,나이키 코르테즈 G,여성 신발 골프
10000029924,나이키 에어맥스 1 G,여성 신발 골프
10000025441,나이키 에어맥스 1 G,여성 신발 골프
10000030004,나이키 로쉬 G 투어 NRG,여성 신발 골프
10000029917,나이키 코르테즈 G NRG,여성 골프화
10000030017,나이키 에어맥스 2090,여성 신발 라이프스타일
10000026877,나이키 에어맥스 베로나,여성 신발 라이프스타일
10000030510,나이키 알피나 5000,여성 신발 라이프스타일
10000030079,나이키 리액트 인피니티 프로,성인공용 신발 골프
10000030494,나이키 에어 포스 1 '07 SE,여성 신발 라이프스타일
10000030558,나이키 리액트 가토,실내/코트 축구화
10000029297,나이키 SB 줌 스테판 야노스키 슬립 RM,스케이트보드화
10000030203,나이키 베나시 듀오 울트라,여성 슬라이드
10000030231,나이키 에어맥스 캠든 슬라이드,여성 슬라이드
10000030511,나이키 알피나 5000,여성 신발 라이프스타일
10000030101,나이키 P-6000 에센셜,여성 신발
10000030026,나이키 오아시스 샌들,여성 샌들
10000030166,나이키 에어맥스 2090,여성 신발 라이프스타일
10000030112,나이키 아쿠아 리프트,여성 신발 라이프스타일
10000030557,"조던 ""Why Not?"" Zer0.3",주니어 농구화
10000030481,나이키 에어맥스 720 SE,여성 신발 라이프스타일
10000030524,나이키 에어맥스 90,여성 신발
10000030475,나이키 에어맥스 270 리액트 SE,여성 신발 라이프스타일
10000030477,나이키 에어맥스 200,여성 신발 라이프스타일
10000030531,나이키 에어 베이퍼맥스 플라이니트 3,여성 신발
10000030962,나이키 에어맥스 엑시,여성 신발 라이프스타일
10000029873,나이키 블레이저 미드 '77 빈티지,남성 신발 라이프스타일
10000030482,나이키 에어맥스 디아,여성 신발
10000030015,나이키 에어맥스 2090,여성 신발 라이프스타일
10000030480,나이키 에어맥스 720 SE,여성 신발 라이프스타일
10000030474,나이키 에어맥스 270 리액트 SE,여성 신발 라이프스타일
10000030034,나이키 줌X 비스타 그라인드,여성 신발 라이프스타일
10000030504,나이키 데이브레이크,여성 신발 라이프스타일
10000030458,나이키 에어맥스 98,여성 신발 라이프스타일
10000030478,나이키 에어맥스 200 SE,여성 신발 라이프스타일
10000030210,나이키 벨라 카이,여성 끈 샌들
10000030016,나이키 에어맥스 2090,여성 신발 라이프스타일
10000030476,나이키 에어맥스 95,여성 신발 라이프스타일
10000030035,나이키 줌X 비스타 그라인드,여성 신발 라이프스타일
10000030765,나이키 머큐리얼 베이퍼 13 엘리트 네이마르 FG,천연 잔디 클리트 축구화
10000030774,나이키 머큐리얼 베이퍼 13 프로 네이마르 HG,하드 그라운드 클리트 축구화
10000030109,나이키 아쿠아 리프트,여성 신발 라이프스타일
10000030769,나이키 머큐리얼 베이퍼 13 아카데미 네이마르 TF,인공 잔디 축구화
10000022220,나이키 데이브레이크,여성 신발 라이프스타일
10000030066,나이키 에어 포스 1 '07,여성 신발
10000030465,나이키코트 에어맥스 베이퍼 윙 멀티 코트,여성 테니스화
10000030217,나이키코트 라이트 2,여성 하드 코트 테니스화
10000030149,KD13 EP,남성 신발 농구
10000030499,나이키 프리 메트콘 3,여성 신발 트레이닝
10000030456,나이키코트 블랑,여성 신발 라이프스타일
10000030506,나이키 MX-720-818,여성 신발 라이프스타일
10000025429,나이키 에어맥스 디아,여성 신발 라이프스타일
10000030133,"조던 ""Why Not?"" Zer0.3",주니어 농구화
10000019216,나이키 조이라이드 런 플라이니트,여성 러닝화
10000030080,나이키 리액트 인피니티 프로,성인공용 신발 골프
10000030038,나이키 인피니티 G,골프화(와이드)
10000016161,나이키 줌 윈플로 6,여성 신발 러닝
10000030768,나이키 머큐리얼 베이퍼 13 아카데미 네이마르 MG,멀티 그라운드 축구화
10000030770,나이키 머큐리얼 베이퍼 13 클럽 네이마르 TF,인공 잔디 축구화
10000030767,나이키 머큐리얼 베이퍼 13 아카데미 네이마르 HG,성인공용 신발 축구
10000030766,나이키 머큐리얼 베이퍼 13 프로 네이마르 FG,천연 잔디 클리트 축구화
10000030202,나이키 베나시 듀오 울트라,여성 슬라이드
10000029937,나이키 아수나 슬라이드,여성 신발 라이프스타일
10000030470,나이키 에어 줌 윈플로 7,여성 신발 러닝
10000030009,KD 트레이 5 VIII EP,농구화
10000026944,나이키 에어맥스 2090,여성 신발 라이프스타일
10000030014,나이키 에어맥스 2090,여성 신발 라이프스타일
10000026934,나이키 에어맥스 90 SP,여성 신발 라이프스타일
10000026951,나이키 에어맥스 90 SP,여성 신발 라이프스타일
10000026878,나이키 에어맥스 베로나,여성 신발 라이프스타일
10000029770,에어 조던 OG,여성 신발
10000030106,나이키 에어맥스 97,여성 신발 라이프스타일
10000029826,나이키 에어 줌 페가수스 36 트레일,여성 트레일 러닝화
10000029945,나이키 에어 줌 테라 카이거 6,여성 트레일 러닝화
10000026926,조던 에어 래티튜드 720,여성 신발 라이프스타일
10000029897,나이키 조이라이드 듀얼 런,여성 신발 러닝
10000030012,나이키 데이브레이크,여성 신발 라이프스타일
10000029809,나이키 줌 2K,여성 신발
10000026940,나이키 줌 X 비스타 그라인드 SP,여성 신발 라이프스타일
10000026939,나이키 줌 X 비스타 그라인드 SP,여성 신발 라이프스타일
10000029966,나이키 에어맥스 270 리액트,여성 신발
10000029938,나이키 아수나 슬라이드,여성 신발 라이프스타일
10000030011,KD 트레이 5 VIII EP,성인공용 신발 농구
10000030209,나이키 벨라 카이,여성 끈 샌들
10000030095,나이키 캐년 샌들,여성 신발 라이프스타일
10000029804,나이키 에어맥스 97,여성 신발 라이프스타일
10000029969,나이키 에어맥스 95,여성 신발 라이프스타일
10000029920,나이키 에어맥스 98,여성 신발 라이프스타일
10000030098,나이키 캐년 샌들,여성 신발 라이프스타일
10000030061,나이키 에어맥스 트라이엑스,여성 신발
10000029856,나이키 리액트 엘리먼트 55,여성 신발
10000029902,나이키 리액트 인피니티 런 플라이니트,여성 신발 러닝
10000029960,나이키 리액트 팬텀 런 플라이니트 2,여성 신발 러닝
10000029951,나이키 프리 런 플라이니트 3.0 2020,여성 신발 러닝
10000029953,나이키 프리 런 5.0 2020,여성 신발 러닝
10000026798,나이키 에어맥스 95 프리미엄,여성 신발 라이프스타일
10000029857,나이키 리액트 엘리먼트 55,여성 신발
10000029914,나이키코트 블랑,여성 신발 라이프스타일
10000026915,나이키 머큐리얼 베이퍼 13 엘리트 FG,성인공용 신발 축구
10000023059,나이키 ISPA 에어맥스 720,남성 신발 라이프스타일
10000026894,나이키 에어맥스 270 리액트,여성 신발 라이프스타일
10000026892,나이키 에어맥스 200,여성 신발 라이프스타일
10000026893,나이키 에어맥스 디아,여성 신발 라이프스타일
10000029959,나이키 리액트 팬텀 런 플라이니트 2,여성 신발 러닝
10000029952,나이키 프리 런 5.0 2020,여성 신발 러닝
10000029950,나이키 프리 런 플라이니트 3.0 2020,여성 신발 러닝
10000029821,나이키 조이라이드 런 플라이니트,여성 러닝화
10000029878,나이키 에어 줌 슈퍼렙,여성 신발 트레이닝
10000029877,나이키 에어 줌 슈퍼렙,여성 신발 트레이닝
10000029845,나이키 머큐리얼 슈퍼플라이 7 아카데미 TF,인공 잔디 축구화
10000026873,나이키 팬텀 비전 2 엘리트 다이나믹 핏 FG,성인공용 신발 축구
28101,나이키 클래식 코르테즈,여성 신발 라이프스타일
10000029846,나이키 머큐리얼 베이퍼 13 아카데미 TF,인공 잔디 축구화
10000026870,나이키 블레이저 미드 '77,여성 신발 라이프스타일
10000023066,나이키 리액트 메트콘,여성 신발 트레이닝
10000030082,나이키 리액트 인피니티 프로,골프화(와이드)
10000029299,조던 에어맥스 200 XX,여성 신발 라이프스타일
10000029807,나이키코트 에어 줌 베이퍼 X,여성 하드 코트 테니스화
10000026888,나이키 팬텀 비전 2 엘리트 다이나믹 핏 FG,성인공용 신발 축구
10000028400,나이키 머큐리얼 슈퍼플라이 7 엘리트 FG,성인공용 신발 축구
10000025433,나이키 에어맥스 270 리액트,여성 신발 라이프스타일
10000029863,나이키 오프코트 슬라이드,여성 슬라이드
10000030002,나이키 카와 SE 피크닉 슬라이드,주니어 신발
10000029864,나이키 오프코트 슬라이드,여성 슬라이드
10000015605,나이키 프리 런 5.0,여성 러닝화
10000026156,나이키 프리 런 5.0,여성 러닝화
10000026647,나이키코트 에어맥스 베이퍼 윙 멀티 코트,여성 테니스화
10000033365,나이키 에어 줌 페가수스 37,여성 신발 러닝
10000029814,나이키코트 에어맥스 와일드카드,여성 테니스화
10000026280,나이키 에어맥스 디아 SE,여성 신발 라이프스타일
10000029865,나이키 오프코트 슬라이드,여성 슬라이드
10000030568,나이키 에어 줌 페가수스 37,여성 신발 러닝
10000025156,나이키 줌 플라이 3,여성 러닝화
10000023047,나이키 에어맥스 270 리액트 SP,남성 신발 라이프스타일
10000023046,나이키 에어맥스 270 리액트 SP,남성 신발 라이프스타일
10000023285,나이키 에어맥스 90,남성 신발 라이프스타일
10000023286,나이키 에어맥스 90,남성 신발 라이프스타일
10000025430,나이키 에어맥스 디아,여성 신발 라이프스타일
257,나이키 에어맥스 95,여성 신발
10000025432,나이키 에어맥스 270 리액트,여성 신발 라이프스타일
10000025215,나이키 줌 그래비티,여성 러닝화
10000025709,나이키 에어맥스 90,여성 신발 라이프스타일
10000023068,나이키 조이라이드 듀얼 런,여성 신발 러닝
10000022923,나이키 에어 포스 1 SP,여성 신발 라이프스타일
10000021625,나이키 에어 베이퍼맥스 플라이니트 3,여성 신발
10000022134,나이키 에어 포스 1 쉐도우,여성 신발 라이프스타일
10000023454,나이키 레볼루션 5,여성 신발 러닝
10000019065,나이키 에어맥스 200,여성 신발 라이프스타일
10000018123,나이키 P-6000,여성 신발 라이프스타일
467,나이키 에어 포스 1 '07,여성 신발 라이프스타일
10000018074,나이키 리액트 프레스토,주니어 신발
10000020260,나이키 에어맥스 98,여성 신발
38894,나이키 에어맥스 270,여성 신발 라이프스타일
10000016567,나이키 에어 줌 페가수스 36,여성 러닝화
10000011480,나이키 줌 2K,여성 신발
10000012287,나이키 프리 런 플라이니트 2018,여성 신발 러닝
10000008824,나이키 에어 포스 1 세이지 로우,여성 신발 라이프스타일
10000008858,나이키 에어 줌 스트럭처 22,여성 러닝화
10000003589,나이키 에어맥스 엑시스,여성 신발 라이프스타일
28099,나이키 클래식 코르테즈,여성 신발 라이프스타일
47066,나이키 에어맥스 엑시스,여성 신발 라이프스타일
38893,나이키 에어맥스 270,여성 신발 라이프스타일
10000025104,나이키 에어 줌 페가수스 36,여성 러닝화
